-- MySQL dump 10.13  Distrib 5.7.17, for Win64 (x86_64)
--
-- Host: localhost    Database: podcast
-- ------------------------------------------------------
-- Server version	5.7.14

/*!40101 SET @OLD_CHARACTER_SET_CLIENT=@@CHARACTER_SET_CLIENT */;
/*!40101 SET @OLD_CHARACTER_SET_RESULTS=@@CHARACTER_SET_RESULTS */;
/*!40101 SET @OLD_COLLATION_CONNECTION=@@COLLATION_CONNECTION */;
/*!40101 SET NAMES utf8 */;
/*!40103 SET @OLD_TIME_ZONE=@@TIME_ZONE */;
/*!40103 SET TIME_ZONE='+00:00' */;
/*!40014 SET @OLD_UNIQUE_CHECKS=@@UNIQUE_CHECKS, UNIQUE_CHECKS=0 */;
/*!40014 SET @OLD_FOREIGN_KEY_CHECKS=@@FOREIGN_KEY_CHECKS, FOREIGN_KEY_CHECKS=0 */;
/*!40101 SET @OLD_SQL_MODE=@@SQL_MODE, SQL_MODE='NO_AUTO_VALUE_ON_ZERO' */;
/*!40111 SET @OLD_SQL_NOTES=@@SQL_NOTES, SQL_NOTES=0 */;

--
-- Table structure for table `podcasts`
--

DROP TABLE IF EXISTS `podcasts`;
/*!40101 SET @saved_cs_client     = @@character_set_client */;
/*!40101 SET character_set_client = utf8 */;
CREATE TABLE `podcasts` (
  `pd_id` int(11) NOT NULL AUTO_INCREMENT,
  `pd_name` mediumtext,
  `description` mediumtext,
  `topic_id` int(11) NOT NULL,
  `pd_link` mediumtext,
  `img_link` mediumtext,
  PRIMARY KEY (`pd_id`)
) ENGINE=MyISAM AUTO_INCREMENT=407 DEFAULT CHARSET=latin1;
/*!40101 SET character_set_client = @saved_cs_client */;

--
-- Dumping data for table `podcasts`
--

LOCK TABLES `podcasts` WRITE;
/*!40000 ALTER TABLE `podcasts` DISABLE KEYS */;
INSERT INTO `podcasts` VALUES (1,'Investing in Real Estate with Clayton Morris | Financial Freedom Through Real Estate','MorrisInvest.com',1,'https://is4-ssl.mzstatic.com/image/thumb/Music62/v4/c6/1d/cd/c61dcdcd-997b-532d-a182-56b8f755379c/source/170x170bb.jpg','https://is4-ssl.mzstatic.com/image/thumb/Music62/v4/c6/1d/cd/c61dcdcd-997b-532d-a182-56b8f755379c/source/170x170bb.jpg'),(2,'Riggles Picks with Rob Riggle & Sarah Tiana','PodcastOne',2,'https://is2-ssl.mzstatic.com/image/thumb/Music118/v4/df/68/22/df682219-7a1c-a725-fc3b-5e2066cc51ef/source/170x170bb.jpg','https://is2-ssl.mzstatic.com/image/thumb/Music118/v4/df/68/22/df682219-7a1c-a725-fc3b-5e2066cc51ef/source/170x170bb.jpg'),(3,'Wrongful Conviction with Jason Flom','reVolver',3,'https://is3-ssl.mzstatic.com/image/thumb/Music111/v4/03/10/b6/0310b6ae-3499-7241-09ac-2d938ffd1573/source/170x170bb.jpg','https://is3-ssl.mzstatic.com/image/thumb/Music111/v4/03/10/b6/0310b6ae-3499-7241-09ac-2d938ffd1573/source/170x170bb.jpg'),(4,'Industry Standard w/ Barry Katz','Wondery',4,'https://is2-ssl.mzstatic.com/image/thumb/Music118/v4/dd/57/e4/dd57e437-da14-fd91-c4bf-92a324803d0f/source/170x170bb.jpg','https://is2-ssl.mzstatic.com/image/thumb/Music118/v4/dd/57/e4/dd57e437-da14-fd91-c4bf-92a324803d0f/source/170x170bb.jpg'),(5,'Shut Up and Listen with Heather Matarazzo','Shut Up and Listen with Heather Matarazzo',4,'https://is3-ssl.mzstatic.com/image/thumb/Music118/v4/6a/e6/69/6ae669aa-df3a-e85b-7036-aba1c1335ed7/source/170x170bb.jpg','https://is3-ssl.mzstatic.com/image/thumb/Music118/v4/6a/e6/69/6ae669aa-df3a-e85b-7036-aba1c1335ed7/source/170x170bb.jpg'),(6,'The Ezra Klein Show','Vox',5,'https://is1-ssl.mzstatic.com/image/thumb/Music117/v4/ac/ea/93/acea9346-3175-dc24-d175-169b768001b4/source/170x170bb.jpg','https://is1-ssl.mzstatic.com/image/thumb/Music117/v4/ac/ea/93/acea9346-3175-dc24-d175-169b768001b4/source/170x170bb.jpg'),(7,'Kevin Pollaks Chat Show','Earwolf',6,'https://is5-ssl.mzstatic.com/image/thumb/Music118/v4/f0/ae/2d/f0ae2d58-b443-2950-560b-6659ba34e8ad/source/170x170bb.jpg','https://is5-ssl.mzstatic.com/image/thumb/Music118/v4/f0/ae/2d/f0ae2d58-b443-2950-560b-6659ba34e8ad/source/170x170bb.jpg'),(8,'Civics 101','New Hampshire Public Radio',5,'https://is4-ssl.mzstatic.com/image/thumb/Music111/v4/5b/f8/39/5bf8396a-10da-425c-5ccd-9e30e446708f/source/170x170bb.jpg','https://is4-ssl.mzstatic.com/image/thumb/Music111/v4/5b/f8/39/5bf8396a-10da-425c-5ccd-9e30e446708f/source/170x170bb.jpg'),(9,'SoundWorks Collection','SoundWorks Collection',6,'https://is1-ssl.mzstatic.com/image/thumb/Music111/v4/76/f1/54/76f15471-964d-3795-67db-5db25138712b/source/170x170bb.jpg','https://is1-ssl.mzstatic.com/image/thumb/Music111/v4/76/f1/54/76f15471-964d-3795-67db-5db25138712b/source/170x170bb.jpg'),(10,'The Talk Show With John Gruber','Daring Fireball / John Gruber',7,'https://is2-ssl.mzstatic.com/image/thumb/Music128/v4/bc/d6/9e/bcd69e2a-35e0-b3d8-5f84-1da3b394ea56/source/170x170bb.jpg','https://is2-ssl.mzstatic.com/image/thumb/Music128/v4/bc/d6/9e/bcd69e2a-35e0-b3d8-5f84-1da3b394ea56/source/170x170bb.jpg'),(11,'Decrypted','Bloomberg',8,'https://is5-ssl.mzstatic.com/image/thumb/Music62/v4/0f/fc/bf/0ffcbf9e-6444-5cc0-378d-aa781deb5db9/source/170x170bb.jpg','https://is5-ssl.mzstatic.com/image/thumb/Music62/v4/0f/fc/bf/0ffcbf9e-6444-5cc0-378d-aa781deb5db9/source/170x170bb.jpg'),(12,'Dreams In Drive','Rana Campbell',9,'https://is2-ssl.mzstatic.com/image/thumb/Music128/v4/e4/6f/37/e46f379e-2b53-1c12-4abb-bae1c04ad74a/source/170x170bb.jpg','https://is2-ssl.mzstatic.com/image/thumb/Music128/v4/e4/6f/37/e46f379e-2b53-1c12-4abb-bae1c04ad74a/source/170x170bb.jpg'),(13,'The American War','The Washington Post',10,'https://is4-ssl.mzstatic.com/image/thumb/Music118/v4/c5/02/11/c5021101-adb4-f306-dd46-89b7ad4c583e/source/170x170bb.jpg','https://is4-ssl.mzstatic.com/image/thumb/Music118/v4/c5/02/11/c5021101-adb4-f306-dd46-89b7ad4c583e/source/170x170bb.jpg'),(14,'Weddings and Engagements','NULL',11,'NULL','NULL'),(15,'Love Me','CBC',3,'https://is1-ssl.mzstatic.com/image/thumb/Music71/v4/f6/86/6c/f6866c1d-9af7-d177-acaa-6c1fb3a7244d/source/170x170bb.jpg','https://is1-ssl.mzstatic.com/image/thumb/Music71/v4/f6/86/6c/f6866c1d-9af7-d177-acaa-6c1fb3a7244d/source/170x170bb.jpg'),(16,'Success! How I Did It','Business Insider',9,'https://is2-ssl.mzstatic.com/image/thumb/Music118/v4/ea/a6/e8/eaa6e8ac-8a3c-3418-a52f-6f7cdfce3992/source/170x170bb.jpg','https://is2-ssl.mzstatic.com/image/thumb/Music118/v4/ea/a6/e8/eaa6e8ac-8a3c-3418-a52f-6f7cdfce3992/source/170x170bb.jpg'),(17,'Constitutional','The Washington Post',10,'https://is5-ssl.mzstatic.com/image/thumb/Music118/v4/b8/aa/03/b8aa0318-246a-528d-513b-49e26435cae3/source/170x170bb.jpg','https://is5-ssl.mzstatic.com/image/thumb/Music118/v4/b8/aa/03/b8aa0318-246a-528d-513b-49e26435cae3/source/170x170bb.jpg'),(18,'Radiolab Presents: More Perfect','WNYC',12,'https://is1-ssl.mzstatic.com/image/thumb/Music117/v4/08/c6/67/08c667d4-0049-7a7f-5f3a-421e18b62744/source/170x170bb.jpg','https://is1-ssl.mzstatic.com/image/thumb/Music117/v4/08/c6/67/08c667d4-0049-7a7f-5f3a-421e18b62744/source/170x170bb.jpg'),(19,'This Is Why Youre Single','HeadGum',3,'https://is1-ssl.mzstatic.com/image/thumb/Music62/v4/b8/11/2b/b8112bb7-7e6d-0c03-82a0-3d92369877f1/source/170x170bb.jpg','https://is1-ssl.mzstatic.com/image/thumb/Music62/v4/b8/11/2b/b8112bb7-7e6d-0c03-82a0-3d92369877f1/source/170x170bb.jpg'),(20,'Eleanor Amplified','WHYY',13,'https://is3-ssl.mzstatic.com/image/thumb/Music128/v4/38/b9/6c/38b96c4d-8d14-b4a4-bcb2-3f794e3a8774/source/170x170bb.jpg','https://is3-ssl.mzstatic.com/image/thumb/Music128/v4/38/b9/6c/38b96c4d-8d14-b4a4-bcb2-3f794e3a8774/source/170x170bb.jpg'),(21,'The Chase Jarvis LIVE Show','Chase Jarvis',9,'https://is2-ssl.mzstatic.com/image/thumb/Music128/v4/8d/8a/94/8d8a945c-a532-ce77-dbca-1c0c0a57f536/source/170x170bb.jpg','https://is2-ssl.mzstatic.com/image/thumb/Music128/v4/8d/8a/94/8d8a945c-a532-ce77-dbca-1c0c0a57f536/source/170x170bb.jpg'),(22,'Nickelodeon Animation Podcast','Nickelodeon',6,'https://is3-ssl.mzstatic.com/image/thumb/Music71/v4/ca/4b/4a/ca4b4a8e-0a69-234c-0d79-3b7a91883aca/source/170x170bb.jpg','https://is3-ssl.mzstatic.com/image/thumb/Music71/v4/ca/4b/4a/ca4b4a8e-0a69-234c-0d79-3b7a91883aca/source/170x170bb.jpg'),(23,'CANADALAND','CANADALAND',5,'https://is5-ssl.mzstatic.com/image/thumb/Music118/v4/42/3d/33/423d33b0-689d-6472-1fe0-b070b2b98152/source/170x170bb.jpg','https://is5-ssl.mzstatic.com/image/thumb/Music118/v4/42/3d/33/423d33b0-689d-6472-1fe0-b070b2b98152/source/170x170bb.jpg'),(24,'Whats Good with Stretch & Bobbito','NPR',3,'https://is3-ssl.mzstatic.com/image/thumb/Music118/v4/e3/80/13/e3801352-3a36-a3e1-4bc0-b7289db44bae/source/170x170bb.jpg','https://is3-ssl.mzstatic.com/image/thumb/Music118/v4/e3/80/13/e3801352-3a36-a3e1-4bc0-b7289db44bae/source/170x170bb.jpg'),(25,'Dont Keep Your Day Job','Cathy Heller',14,'https://is3-ssl.mzstatic.com/image/thumb/Music128/v4/66/6b/54/666b545e-e782-5e82-6772-31c8479efd07/source/170x170bb.jpg','https://is3-ssl.mzstatic.com/image/thumb/Music128/v4/66/6b/54/666b545e-e782-5e82-6772-31c8479efd07/source/170x170bb.jpg'),(26,'Closer Than They Appear','Jetty',5,'https://is4-ssl.mzstatic.com/image/thumb/Music118/v4/cc/1e/70/cc1e703b-a929-743c-0f07-35b1bc21dcfa/source/170x170bb.jpg','https://is4-ssl.mzstatic.com/image/thumb/Music118/v4/cc/1e/70/cc1e703b-a929-743c-0f07-35b1bc21dcfa/source/170x170bb.jpg'),(27,'So That Happened','The Huffington Post',5,'https://is3-ssl.mzstatic.com/image/thumb/Music118/v4/0d/2a/ea/0d2aeac5-84ef-7bbd-b350-482bacc75cd5/source/170x170bb.jpg','https://is3-ssl.mzstatic.com/image/thumb/Music118/v4/0d/2a/ea/0d2aeac5-84ef-7bbd-b350-482bacc75cd5/source/170x170bb.jpg'),(28,'Nocturne','The Heard',15,'https://is3-ssl.mzstatic.com/image/thumb/Music62/v4/ae/7a/ab/ae7aab86-a992-069c-8ba2-4da2395f6067/source/170x170bb.jpg','https://is3-ssl.mzstatic.com/image/thumb/Music62/v4/ae/7a/ab/ae7aab86-a992-069c-8ba2-4da2395f6067/source/170x170bb.jpg'),(29,'UnStyled','Refinery29',3,'https://is2-ssl.mzstatic.com/image/thumb/Music118/v4/83/2a/23/832a23a8-60dd-265f-fd7c-0ff4d63c343a/source/170x170bb.jpg','https://is2-ssl.mzstatic.com/image/thumb/Music118/v4/83/2a/23/832a23a8-60dd-265f-fd7c-0ff4d63c343a/source/170x170bb.jpg'),(30,'This Podcast Has Fleas','WNYC',13,'https://is4-ssl.mzstatic.com/image/thumb/Music128/v4/9a/e1/2e/9ae12e13-32a5-d468-b2d4-314a3082d440/source/170x170bb.jpg','https://is4-ssl.mzstatic.com/image/thumb/Music128/v4/9a/e1/2e/9ae12e13-32a5-d468-b2d4-314a3082d440/source/170x170bb.jpg'),(31,'Stranglers','Stitcher',3,'https://is4-ssl.mzstatic.com/image/thumb/Music111/v4/95/57/24/95572461-3e79-2ed4-31c0-93e840c0b0ae/source/170x170bb.jpg','https://is4-ssl.mzstatic.com/image/thumb/Music111/v4/95/57/24/95572461-3e79-2ed4-31c0-93e840c0b0ae/source/170x170bb.jpg'),(32,'Stay Tuned with Preet','WNYC',5,'https://is4-ssl.mzstatic.com/image/thumb/Music118/v4/3f/eb/b5/3febb557-fb4a-0976-f57a-095bd370dd13/source/170x170bb.jpg','https://is4-ssl.mzstatic.com/image/thumb/Music118/v4/3f/eb/b5/3febb557-fb4a-0976-f57a-095bd370dd13/source/170x170bb.jpg'),(33,'Cosby Unraveled','WHYY',5,'https://is2-ssl.mzstatic.com/image/thumb/Music117/v4/f0/ff/70/f0ff7003-4515-72ea-6179-05d945326513/source/170x170bb.jpg','https://is2-ssl.mzstatic.com/image/thumb/Music117/v4/f0/ff/70/f0ff7003-4515-72ea-6179-05d945326513/source/170x170bb.jpg'),(34,'We Got This with Mark and Hal','Maximum Fun',4,'https://is4-ssl.mzstatic.com/image/thumb/Music71/v4/f1/93/35/f19335d0-b4e8-a917-66de-6b85a1619efa/source/170x170bb.jpg','https://is4-ssl.mzstatic.com/image/thumb/Music71/v4/f1/93/35/f19335d0-b4e8-a917-66de-6b85a1619efa/source/170x170bb.jpg'),(35,'Someone Knows Something','CBC',5,'https://is2-ssl.mzstatic.com/image/thumb/Music128/v4/30/2d/38/302d3849-b2a4-1433-eb89-d1c78e86f2e6/source/170x170bb.jpg','https://is2-ssl.mzstatic.com/image/thumb/Music128/v4/30/2d/38/302d3849-b2a4-1433-eb89-d1c78e86f2e6/source/170x170bb.jpg'),(36,'Colour Code','The Globe and Mail',3,'https://is2-ssl.mzstatic.com/image/thumb/Music62/v4/8c/7a/2d/8c7a2d62-5b71-06ea-50d5-05f0df901bb3/source/170x170bb.jpg','https://is2-ssl.mzstatic.com/image/thumb/Music62/v4/8c/7a/2d/8c7a2d62-5b71-06ea-50d5-05f0df901bb3/source/170x170bb.jpg'),(37,'Showcase from Radiotopia','Radiotopia',3,'https://is2-ssl.mzstatic.com/image/thumb/Music128/v4/56/da/70/56da7002-58c4-22b7-12a9-0cc9517818c8/source/170x170bb.jpg','https://is2-ssl.mzstatic.com/image/thumb/Music128/v4/56/da/70/56da7002-58c4-22b7-12a9-0cc9517818c8/source/170x170bb.jpg'),(38,'Presidential','The Washington Post',5,'https://is5-ssl.mzstatic.com/image/thumb/Music117/v4/99/13/5f/99135fa8-5352-5117-9dda-f966ce8d18a3/source/170x170bb.jpg','https://is5-ssl.mzstatic.com/image/thumb/Music117/v4/99/13/5f/99135fa8-5352-5117-9dda-f966ce8d18a3/source/170x170bb.jpg'),(39,'Cults','Parcast',3,'https://is3-ssl.mzstatic.com/image/thumb/Music118/v4/dc/95/52/dc95527f-6701-db48-0008-53df70165459/source/170x170bb.jpg','https://is3-ssl.mzstatic.com/image/thumb/Music118/v4/dc/95/52/dc95527f-6701-db48-0008-53df70165459/source/170x170bb.jpg'),(40,'Politically Re-Active with W. Kamau Bell & Hari Kondabolu','Topic',5,'https://is4-ssl.mzstatic.com/image/thumb/Music111/v4/0a/5a/c6/0a5ac66c-d3de-90c1-c3fc-497f9d3fbfc0/source/170x170bb.jpg','https://is4-ssl.mzstatic.com/image/thumb/Music111/v4/0a/5a/c6/0a5ac66c-d3de-90c1-c3fc-497f9d3fbfc0/source/170x170bb.jpg'),(41,'Untold: The Daniel Morgan Murder','audioBoom',5,'https://is2-ssl.mzstatic.com/image/thumb/Music118/v4/73/f8/86/73f886ee-c57e-e2ba-3551-5906a68d71c4/source/170x170bb.jpg','https://is2-ssl.mzstatic.com/image/thumb/Music118/v4/73/f8/86/73f886ee-c57e-e2ba-3551-5906a68d71c4/source/170x170bb.jpg'),(42,'There Goes the Neighborhood','WNYC',10,'https://is1-ssl.mzstatic.com/image/thumb/Music128/v4/0a/36/ce/0a36ce6f-1fa6-d04b-9572-ca84aa95b486/source/170x170bb.jpg','https://is1-ssl.mzstatic.com/image/thumb/Music128/v4/0a/36/ce/0a36ce6f-1fa6-d04b-9572-ca84aa95b486/source/170x170bb.jpg'),(43,'Rad Parenting','Joe Sib and Anea Bogue',13,'https://is1-ssl.mzstatic.com/image/thumb/Music118/v4/4e/00/97/4e0097ba-3122-64f0-490f-372ffd6b5c6c/source/170x170bb.jpg','https://is1-ssl.mzstatic.com/image/thumb/Music118/v4/4e/00/97/4e0097ba-3122-64f0-490f-372ffd6b5c6c/source/170x170bb.jpg'),(44,'A Leg Up','Adam Faze',6,'https://is2-ssl.mzstatic.com/image/thumb/Music62/v4/9a/71/e1/9a71e121-41ba-6269-7229-6f7ff99f4d78/source/170x170bb.jpg','https://is2-ssl.mzstatic.com/image/thumb/Music62/v4/9a/71/e1/9a71e121-41ba-6269-7229-6f7ff99f4d78/source/170x170bb.jpg'),(45,'Beginner','Misha Euceph',15,'https://is4-ssl.mzstatic.com/image/thumb/Music118/v4/2f/46/40/2f46403e-5be3-e6f8-9de3-df50c3f2df02/source/170x170bb.jpg','https://is4-ssl.mzstatic.com/image/thumb/Music118/v4/2f/46/40/2f46403e-5be3-e6f8-9de3-df50c3f2df02/source/170x170bb.jpg'),(46,'Planet Money','NPR',16,'https://is3-ssl.mzstatic.com/image/thumb/Music62/v4/9c/26/62/9c266213-2a31-e6bd-ced0-3f88bffa52c7/source/170x170bb.jpg','https://is3-ssl.mzstatic.com/image/thumb/Music62/v4/9c/26/62/9c266213-2a31-e6bd-ced0-3f88bffa52c7/source/170x170bb.jpg'),(47,'Girlboss Radio with Sophia Amoruso','Girlboss Media',16,'https://is5-ssl.mzstatic.com/image/thumb/Music128/v4/76/dd/40/76dd4077-82df-96d8-bd37-5705a23e2fbd/source/170x170bb.jpg','https://is5-ssl.mzstatic.com/image/thumb/Music128/v4/76/dd/40/76dd4077-82df-96d8-bd37-5705a23e2fbd/source/170x170bb.jpg'),(48,'The Reel','Los Angeles Times | L.A. Times Studios',6,'https://is3-ssl.mzstatic.com/image/thumb/Music128/v4/9a/04/d3/9a04d364-8d0d-9dba-532e-fb8e8afc0f20/source/170x170bb.jpg','https://is3-ssl.mzstatic.com/image/thumb/Music128/v4/9a/04/d3/9a04d364-8d0d-9dba-532e-fb8e8afc0f20/source/170x170bb.jpg'),(49,'Trailblazers.FM','Stephen A. Hart',3,'https://is5-ssl.mzstatic.com/image/thumb/Music128/v4/9a/fa/ed/9afaed09-0b6e-b50e-a38b-3d789b8592d4/source/170x170bb.jpg','https://is5-ssl.mzstatic.com/image/thumb/Music128/v4/9a/fa/ed/9afaed09-0b6e-b50e-a38b-3d789b8592d4/source/170x170bb.jpg'),(50,'Here To Make Friends - A Bachelor Recap Show','The Huffington Post',6,'https://is5-ssl.mzstatic.com/image/thumb/Music117/v4/36/7d/0c/367d0cb1-8905-44bb-73bd-4ad1b30fa942/source/170x170bb.jpg','https://is5-ssl.mzstatic.com/image/thumb/Music117/v4/36/7d/0c/367d0cb1-8905-44bb-73bd-4ad1b30fa942/source/170x170bb.jpg'),(51,'Unmasking A Killer','HLN',5,'https://is4-ssl.mzstatic.com/image/thumb/Music62/v4/97/e6/32/97e6327f-47b8-7d8a-ee83-0d0fa59716ea/source/170x170bb.jpg','https://is4-ssl.mzstatic.com/image/thumb/Music62/v4/97/e6/32/97e6327f-47b8-7d8a-ee83-0d0fa59716ea/source/170x170bb.jpg'),(52,'She Explores','She Explores',17,'https://is3-ssl.mzstatic.com/image/thumb/Music118/v4/43/20/d0/4320d007-be10-407a-2264-61862946c14a/source/170x170bb.jpg','https://is3-ssl.mzstatic.com/image/thumb/Music118/v4/43/20/d0/4320d007-be10-407a-2264-61862946c14a/source/170x170bb.jpg'),(53,'Perspectives: Anthony Bourdain x Lydia Tenaglia','Events at the Apple Store',6,'https://is5-ssl.mzstatic.com/image/thumb/Music128/v4/9c/3e/50/9c3e5026-f65f-5e51-cb8c-9ebd15896d68/source/170x170bb.jpg','https://is5-ssl.mzstatic.com/image/thumb/Music128/v4/9c/3e/50/9c3e5026-f65f-5e51-cb8c-9ebd15896d68/source/170x170bb.jpg'),(54,'Dissect - A Serialized Music Podcast','Cole Cuchna',18,'https://is4-ssl.mzstatic.com/image/thumb/Music128/v4/d0/d5/e8/d0d5e83c-9451-cc2c-1026-10bf8dacf1f7/source/170x170bb.jpg','https://is4-ssl.mzstatic.com/image/thumb/Music128/v4/d0/d5/e8/d0d5e83c-9451-cc2c-1026-10bf8dacf1f7/source/170x170bb.jpg'),(55,'The Popes Long Con','Louisville Public Media',5,'https://is2-ssl.mzstatic.com/image/thumb/Music128/v4/01/e4/10/01e41000-499b-e580-99c6-b6c8159548b7/source/170x170bb.jpg','https://is2-ssl.mzstatic.com/image/thumb/Music128/v4/01/e4/10/01e41000-499b-e580-99c6-b6c8159548b7/source/170x170bb.jpg'),(56,'StartUp Podcast','Gimlet Media',9,'https://is2-ssl.mzstatic.com/image/thumb/Music118/v4/06/5e/e6/065ee684-cbae-da40-c9fd-0bf2aafd2399/source/170x170bb.jpg','https://is2-ssl.mzstatic.com/image/thumb/Music118/v4/06/5e/e6/065ee684-cbae-da40-c9fd-0bf2aafd2399/source/170x170bb.jpg'),(57,'DTR - The Official Tinder Podcast','Tinder / Gimlet Creative',3,'https://is2-ssl.mzstatic.com/image/thumb/Music128/v4/04/b4/6d/04b46d24-fde0-50f9-603b-995ee635f40e/source/170x170bb.jpg','https://is2-ssl.mzstatic.com/image/thumb/Music128/v4/04/b4/6d/04b46d24-fde0-50f9-603b-995ee635f40e/source/170x170bb.jpg'),(58,'OFFSHORE','Honolulu Civil Beat',19,'https://is1-ssl.mzstatic.com/image/thumb/Music128/v4/56/15/18/56151844-a722-6ee3-f003-e8b33fb13b1d/source/170x170bb.jpg','https://is1-ssl.mzstatic.com/image/thumb/Music128/v4/56/15/18/56151844-a722-6ee3-f003-e8b33fb13b1d/source/170x170bb.jpg'),(59,'The Book Review','The New York Times',20,'https://is5-ssl.mzstatic.com/image/thumb/Music118/v4/88/3d/e5/883de588-4c2e-34af-682a-a5c112c313e7/source/170x170bb.jpg','https://is5-ssl.mzstatic.com/image/thumb/Music118/v4/88/3d/e5/883de588-4c2e-34af-682a-a5c112c313e7/source/170x170bb.jpg'),(60,'Late Night Whenever','WNYC',4,'https://is1-ssl.mzstatic.com/image/thumb/Music128/v4/15/72/e0/1572e0f7-1aef-4a67-ca20-3c6835afd662/source/170x170bb.jpg','https://is1-ssl.mzstatic.com/image/thumb/Music128/v4/15/72/e0/1572e0f7-1aef-4a67-ca20-3c6835afd662/source/170x170bb.jpg'),(61,'LaunchLeft','Starburns Audio',18,'https://is4-ssl.mzstatic.com/image/thumb/Music118/v4/74/bc/bf/74bcbf7f-7875-51ab-493b-2936382de4b6/source/170x170bb.jpg','https://is4-ssl.mzstatic.com/image/thumb/Music118/v4/74/bc/bf/74bcbf7f-7875-51ab-493b-2936382de4b6/source/170x170bb.jpg'),(62,'Sword and Scale','Wondery',21,'https://is5-ssl.mzstatic.com/image/thumb/Music128/v4/52/7c/7c/527c7c9f-06fb-561f-1c24-76a880d27986/source/170x170bb.jpg','https://is5-ssl.mzstatic.com/image/thumb/Music128/v4/52/7c/7c/527c7c9f-06fb-561f-1c24-76a880d27986/source/170x170bb.jpg'),(63,'Sit-In with Ally Hilfiger and Steve Hash','PodcastOne',22,'https://is5-ssl.mzstatic.com/image/thumb/Music111/v4/25/74/0d/25740db6-6367-4413-28d8-706a69370b23/source/170x170bb.jpg','https://is5-ssl.mzstatic.com/image/thumb/Music111/v4/25/74/0d/25740db6-6367-4413-28d8-706a69370b23/source/170x170bb.jpg'),(64,'Edge of Fame','WBUR',22,'https://is5-ssl.mzstatic.com/image/thumb/Music118/v4/86/31/ba/8631ba05-926c-43e5-6ba9-eb053c29cfb7/source/170x170bb.jpg','https://is5-ssl.mzstatic.com/image/thumb/Music118/v4/86/31/ba/8631ba05-926c-43e5-6ba9-eb053c29cfb7/source/170x170bb.jpg'),(65,'EWs Game of Thrones Weekly','Entertainment Weekly',6,'https://is1-ssl.mzstatic.com/image/thumb/Music118/v4/c1/93/94/c19394b4-c189-1b02-0264-82ef32a61edd/source/170x170bb.jpg','https://is1-ssl.mzstatic.com/image/thumb/Music118/v4/c1/93/94/c19394b4-c189-1b02-0264-82ef32a61edd/source/170x170bb.jpg'),(66,'My Favorite Murder with Karen Kilgariff and Georgia Hardstark','Karen Kilgariff & Georgia Hardstark',4,'https://is1-ssl.mzstatic.com/image/thumb/Music62/v4/9f/d0/04/9fd00476-5dcf-5215-5a36-2e86e974ee4f/source/170x170bb.jpg','https://is1-ssl.mzstatic.com/image/thumb/Music62/v4/9f/d0/04/9fd00476-5dcf-5215-5a36-2e86e974ee4f/source/170x170bb.jpg'),(67,'Homecoming','Gimlet Media',23,'https://is3-ssl.mzstatic.com/image/thumb/Music118/v4/09/cc/0f/09cc0fee-6f99-39ee-4bcd-36db1d8329ca/source/170x170bb.jpg','https://is3-ssl.mzstatic.com/image/thumb/Music118/v4/09/cc/0f/09cc0fee-6f99-39ee-4bcd-36db1d8329ca/source/170x170bb.jpg'),(68,'The Pollsters','The Pollsters',5,'https://is5-ssl.mzstatic.com/image/thumb/Music128/v4/44/36/b2/4436b247-a674-3754-3a16-1bc2781921d1/source/170x170bb.jpg','https://is5-ssl.mzstatic.com/image/thumb/Music128/v4/44/36/b2/4436b247-a674-3754-3a16-1bc2781921d1/source/170x170bb.jpg'),(69,'DISGRACELAND','Jake Brennan',3,'https://is4-ssl.mzstatic.com/image/thumb/Music118/v4/8e/2d/1b/8e2d1b8f-ad3e-0b1a-7016-5f3aa6c475a6/source/170x170bb.jpg','https://is4-ssl.mzstatic.com/image/thumb/Music118/v4/8e/2d/1b/8e2d1b8f-ad3e-0b1a-7016-5f3aa6c475a6/source/170x170bb.jpg'),(70,'Emperors of Rome','La Trobe University',10,'https://is1-ssl.mzstatic.com/image/thumb/Music71/v4/d9/dd/57/d9dd572e-8317-d580-2b12-5518b280a5db/source/170x170bb.jpg','https://is1-ssl.mzstatic.com/image/thumb/Music71/v4/d9/dd/57/d9dd572e-8317-d580-2b12-5518b280a5db/source/170x170bb.jpg'),(71,'Pulse of the Planet Podcast with Jim Metzner | Science | Nature | Environment | Technology','Jim Metzner',24,'https://is5-ssl.mzstatic.com/image/thumb/Music128/v4/a1/b9/32/a1b93223-416b-f689-30ba-1950e4e5a22d/source/170x170bb.jpg','https://is5-ssl.mzstatic.com/image/thumb/Music128/v4/a1/b9/32/a1b93223-416b-f689-30ba-1950e4e5a22d/source/170x170bb.jpg'),(72,'Patty Has a Gun: The Life and Crimes of Patricia Hearst','CNN',5,'https://is2-ssl.mzstatic.com/image/thumb/Music128/v4/1a/9e/79/1a9e79d7-3e88-a94d-15db-6c5539938732/source/170x170bb.jpg','https://is2-ssl.mzstatic.com/image/thumb/Music128/v4/1a/9e/79/1a9e79d7-3e88-a94d-15db-6c5539938732/source/170x170bb.jpg'),(73,'Pistol Shrimps Radio','Earwolf',2,'https://is3-ssl.mzstatic.com/image/thumb/Music118/v4/68/5e/df/685edf84-a95d-7596-b5ce-301af86d8896/source/170x170bb.jpg','https://is3-ssl.mzstatic.com/image/thumb/Music118/v4/68/5e/df/685edf84-a95d-7596-b5ce-301af86d8896/source/170x170bb.jpg'),(74,'Attack Each Day: The Harbaughs Podcast','PodcastOne',2,'https://is4-ssl.mzstatic.com/image/thumb/Music128/v4/0d/90/69/0d9069d1-0cc3-ccff-acb8-0e67307b4169/source/170x170bb.jpg','https://is4-ssl.mzstatic.com/image/thumb/Music128/v4/0d/90/69/0d9069d1-0cc3-ccff-acb8-0e67307b4169/source/170x170bb.jpg'),(75,'World of Warcraft: Audio Drama','Blizzard Entertainment',25,'https://is2-ssl.mzstatic.com/image/thumb/Music71/v4/af/71/a5/af71a506-6a7a-82e0-aaf0-c1cd9bfcf672/source/170x170bb.jpg','https://is2-ssl.mzstatic.com/image/thumb/Music71/v4/af/71/a5/af71a506-6a7a-82e0-aaf0-c1cd9bfcf672/source/170x170bb.jpg'),(76,'Songonauts','Songonauts',23,'https://is1-ssl.mzstatic.com/image/thumb/Music118/v4/77/35/e0/7735e0ca-f9d8-383f-d190-764eecae9404/source/170x170bb.jpg','https://is1-ssl.mzstatic.com/image/thumb/Music118/v4/77/35/e0/7735e0ca-f9d8-383f-d190-764eecae9404/source/170x170bb.jpg'),(77,'The Tony Kornheiser Show','This Show Stinks Productions',26,'https://is5-ssl.mzstatic.com/image/thumb/Music128/v4/1e/47/78/1e477876-7ec2-a7dc-524d-b2e41cb353e1/source/170x170bb.jpg','https://is5-ssl.mzstatic.com/image/thumb/Music128/v4/1e/47/78/1e477876-7ec2-a7dc-524d-b2e41cb353e1/source/170x170bb.jpg'),(78,'Real Crime Profile','Wondery',10,'https://is3-ssl.mzstatic.com/image/thumb/Music118/v4/3d/70/4a/3d704af3-b7dd-b1a8-eb1a-cb446377f5da/source/170x170bb.jpg','https://is3-ssl.mzstatic.com/image/thumb/Music118/v4/3d/70/4a/3d704af3-b7dd-b1a8-eb1a-cb446377f5da/source/170x170bb.jpg'),(79,'Every Little Thing','Gimlet Media',27,'https://is1-ssl.mzstatic.com/image/thumb/Music62/v4/89/3d/06/893d0641-291b-470c-5295-3229f06b1da0/source/170x170bb.jpg','https://is1-ssl.mzstatic.com/image/thumb/Music62/v4/89/3d/06/893d0641-291b-470c-5295-3229f06b1da0/source/170x170bb.jpg'),(80,'Keep It!','Crooked Media',3,'https://is3-ssl.mzstatic.com/image/thumb/Music118/v4/ca/42/a1/ca42a122-0615-e4dd-0b74-22abe5ea3d2d/source/170x170bb.jpg','https://is3-ssl.mzstatic.com/image/thumb/Music118/v4/ca/42/a1/ca42a122-0615-e4dd-0b74-22abe5ea3d2d/source/170x170bb.jpg'),(81,'Lore','Aaron Mahnke',10,'https://is3-ssl.mzstatic.com/image/thumb/Music62/v4/2d/3a/00/2d3a00e9-315f-d21c-8af2-6ff591d2f864/source/170x170bb.jpg','https://is3-ssl.mzstatic.com/image/thumb/Music62/v4/2d/3a/00/2d3a00e9-315f-d21c-8af2-6ff591d2f864/source/170x170bb.jpg'),(82,'The Moth','The Moth',23,'https://is2-ssl.mzstatic.com/image/thumb/Music62/v4/e4/21/0e/e4210e1b-9efc-3064-d878-da592b8a92c8/source/170x170bb.jpg','https://is2-ssl.mzstatic.com/image/thumb/Music62/v4/e4/21/0e/e4210e1b-9efc-3064-d878-da592b8a92c8/source/170x170bb.jpg'),(83,'terrestrial','KUOW Puget Sound Public Radio',24,'https://is4-ssl.mzstatic.com/image/thumb/Music122/v4/58/2d/37/582d3795-67f9-0de3-bd94-19172eb71f69/source/170x170bb.jpg','https://is4-ssl.mzstatic.com/image/thumb/Music122/v4/58/2d/37/582d3795-67f9-0de3-bd94-19172eb71f69/source/170x170bb.jpg'),(84,'Terms','Wondery',23,'https://is5-ssl.mzstatic.com/image/thumb/Music128/v4/90/b1/91/90b19162-b6ab-533f-1790-d162969ce41c/source/170x170bb.jpg','https://is5-ssl.mzstatic.com/image/thumb/Music128/v4/90/b1/91/90b19162-b6ab-533f-1790-d162969ce41c/source/170x170bb.jpg'),(85,'The Walk','Panoply',22,'https://is3-ssl.mzstatic.com/image/thumb/Music118/v4/9c/28/f0/9c28f04b-4d83-1e54-48c4-976a1b8437e5/source/170x170bb.jpg','https://is3-ssl.mzstatic.com/image/thumb/Music118/v4/9c/28/f0/9c28f04b-4d83-1e54-48c4-976a1b8437e5/source/170x170bb.jpg'),(86,'SYFY25: Origin Stories','SYFY WIRE',3,'https://is3-ssl.mzstatic.com/image/thumb/Music118/v4/6f/29/a7/6f29a770-8781-b785-f5f9-ea5f9a945426/source/170x170bb.jpg','https://is3-ssl.mzstatic.com/image/thumb/Music118/v4/6f/29/a7/6f29a770-8781-b785-f5f9-ea5f9a945426/source/170x170bb.jpg'),(87,'This is War','Wondery',15,'https://is4-ssl.mzstatic.com/image/thumb/Music128/v4/9f/17/fa/9f17fa56-626f-f166-7c61-abc472ce5045/source/170x170bb.jpg','https://is4-ssl.mzstatic.com/image/thumb/Music128/v4/9f/17/fa/9f17fa56-626f-f166-7c61-abc472ce5045/source/170x170bb.jpg'),(88,'Popcorn with Peter Travers','ABC News',6,'https://is4-ssl.mzstatic.com/image/thumb/Music71/v4/6b/bf/b6/6bbfb61f-a41a-a725-eb18-912d37769d1f/source/170x170bb.jpg','https://is4-ssl.mzstatic.com/image/thumb/Music71/v4/6b/bf/b6/6bbfb61f-a41a-a725-eb18-912d37769d1f/source/170x170bb.jpg'),(89,'The Cooler','KQED',6,'https://is2-ssl.mzstatic.com/image/thumb/Music117/v4/fe/45/bd/fe45bd8f-9c53-6809-f06b-871e339d0a50/source/170x170bb.jpg','https://is2-ssl.mzstatic.com/image/thumb/Music117/v4/fe/45/bd/fe45bd8f-9c53-6809-f06b-871e339d0a50/source/170x170bb.jpg'),(90,'Dan Carlins Hardcore History','Wizzard Media',10,'https://is4-ssl.mzstatic.com/image/thumb/Music71/v4/09/5c/79/095c79d2-17dc-eb92-3f50-ce8b00fc2f4d/source/170x170bb.jpg','https://is4-ssl.mzstatic.com/image/thumb/Music71/v4/09/5c/79/095c79d2-17dc-eb92-3f50-ce8b00fc2f4d/source/170x170bb.jpg'),(91,'A Tribute To Mr Raj Kapoor by Salim Khan','Film Karavan',18,'https://is3-ssl.mzstatic.com/image/thumb/Music118/v4/66/ad/b2/66adb289-68b8-bc0e-0bba-332e106115c3/source/170x170bb.jpg','https://is3-ssl.mzstatic.com/image/thumb/Music118/v4/66/ad/b2/66adb289-68b8-bc0e-0bba-332e106115c3/source/170x170bb.jpg'),(92,'Get It On','Dawn OPorter',28,'https://is2-ssl.mzstatic.com/image/thumb/Music118/v4/4b/bc/5f/4bbc5fe9-910c-ebef-75b6-aa7bfc281c1f/source/170x170bb.jpg','https://is2-ssl.mzstatic.com/image/thumb/Music118/v4/4b/bc/5f/4bbc5fe9-910c-ebef-75b6-aa7bfc281c1f/source/170x170bb.jpg'),(93,'WSJ The Future of Everything','The Wall Street Journal',7,'https://is3-ssl.mzstatic.com/image/thumb/Music128/v4/43/75/7e/43757e92-d581-b34d-87ae-82c74d13a53f/source/170x170bb.jpg','https://is3-ssl.mzstatic.com/image/thumb/Music128/v4/43/75/7e/43757e92-d581-b34d-87ae-82c74d13a53f/source/170x170bb.jpg'),(94,'Aspen Ideas To Go','The Aspen Institute',3,'https://is3-ssl.mzstatic.com/image/thumb/Music122/v4/1c/fe/a8/1cfea8f6-5868-27cb-3cd3-7d8541b928f6/source/170x170bb.jpg','https://is3-ssl.mzstatic.com/image/thumb/Music122/v4/1c/fe/a8/1cfea8f6-5868-27cb-3cd3-7d8541b928f6/source/170x170bb.jpg'),(95,'Tara and Johnny','NBC Sports',29,'https://is5-ssl.mzstatic.com/image/thumb/Music118/v4/a9/a9/8d/a9a98d6b-5848-8423-48ce-7e227f89799c/source/170x170bb.jpg','https://is5-ssl.mzstatic.com/image/thumb/Music118/v4/a9/a9/8d/a9a98d6b-5848-8423-48ce-7e227f89799c/source/170x170bb.jpg'),(96,'What Really Happened?','Andrew Jenks Entertainment',30,'https://is2-ssl.mzstatic.com/image/thumb/Music118/v4/df/09/51/df0951f7-1137-9610-9158-b1b60a6b688d/source/170x170bb.jpg','https://is2-ssl.mzstatic.com/image/thumb/Music118/v4/df/09/51/df0951f7-1137-9610-9158-b1b60a6b688d/source/170x170bb.jpg'),(97,'FOUND','Wondery',15,'https://is2-ssl.mzstatic.com/image/thumb/Music128/v4/bc/c1/53/bcc1534a-88a7-0624-194b-cfa5c4b9c874/source/170x170bb.jpg','https://is2-ssl.mzstatic.com/image/thumb/Music128/v4/bc/c1/53/bcc1534a-88a7-0624-194b-cfa5c4b9c874/source/170x170bb.jpg'),(98,'Divided States of Women','Vox Media',10,'https://is4-ssl.mzstatic.com/image/thumb/Music118/v4/a9/64/1e/a9641e52-3ad2-ad3f-6828-23700edf4be8/source/170x170bb.jpg','https://is4-ssl.mzstatic.com/image/thumb/Music118/v4/a9/64/1e/a9641e52-3ad2-ad3f-6828-23700edf4be8/source/170x170bb.jpg'),(99,'A Very Fatal Murder','The Onion',3,'https://is1-ssl.mzstatic.com/image/thumb/Music118/v4/98/3a/0e/983a0ed9-40cb-cb8d-25be-f652a6bd5d70/source/170x170bb.jpg','https://is1-ssl.mzstatic.com/image/thumb/Music118/v4/98/3a/0e/983a0ed9-40cb-cb8d-25be-f652a6bd5d70/source/170x170bb.jpg'),(100,'S-Town','WBEZ',15,'https://is3-ssl.mzstatic.com/image/thumb/Music111/v4/e3/6f/f6/e36ff694-9e7d-c46e-7687-3856749d670f/source/170x170bb.jpg','https://is3-ssl.mzstatic.com/image/thumb/Music111/v4/e3/6f/f6/e36ff694-9e7d-c46e-7687-3856749d670f/source/170x170bb.jpg'),(101,'Snacky Tunes','Heritage Radio Network',31,'https://is5-ssl.mzstatic.com/image/thumb/Music111/v4/71/46/c7/7146c714-1359-bbd6-23fb-c0760077e44b/source/170x170bb.jpg','https://is5-ssl.mzstatic.com/image/thumb/Music111/v4/71/46/c7/7146c714-1359-bbd6-23fb-c0760077e44b/source/170x170bb.jpg'),(102,'UnFictional','KCRW',3,'https://is5-ssl.mzstatic.com/image/thumb/Music62/v4/e2/b4/25/e2b42549-be32-6c3d-ccf4-671ef82c46b1/source/170x170bb.jpg','https://is5-ssl.mzstatic.com/image/thumb/Music62/v4/e2/b4/25/e2b42549-be32-6c3d-ccf4-671ef82c46b1/source/170x170bb.jpg'),(103,'Presidents Are People Too!','Audible',10,'https://is4-ssl.mzstatic.com/image/thumb/Music71/v4/4b/0d/ce/4b0dcecc-5812-2431-5520-86d6bb4df400/source/170x170bb.jpg','https://is4-ssl.mzstatic.com/image/thumb/Music71/v4/4b/0d/ce/4b0dcecc-5812-2431-5520-86d6bb4df400/source/170x170bb.jpg'),(104,'What It Takes','Academy of Achievement',15,'https://is3-ssl.mzstatic.com/image/thumb/Music71/v4/ea/7a/18/ea7a183f-7ed2-0cdc-376b-6558c5805370/source/170x170bb.jpg','https://is3-ssl.mzstatic.com/image/thumb/Music71/v4/ea/7a/18/ea7a183f-7ed2-0cdc-376b-6558c5805370/source/170x170bb.jpg'),(105,'Tides of History','Wondery',10,'https://is4-ssl.mzstatic.com/image/thumb/Music118/v4/ae/14/32/ae143241-15ca-4247-3855-a155d17ed6f3/source/170x170bb.jpg','https://is4-ssl.mzstatic.com/image/thumb/Music118/v4/ae/14/32/ae143241-15ca-4247-3855-a155d17ed6f3/source/170x170bb.jpg'),(106,'Countdown','Time',25,'https://is1-ssl.mzstatic.com/image/thumb/Music117/v4/1e/36/17/1e36175a-6c04-8bd4-c51c-6772cf64c99a/source/170x170bb.jpg','https://is1-ssl.mzstatic.com/image/thumb/Music117/v4/1e/36/17/1e36175a-6c04-8bd4-c51c-6772cf64c99a/source/170x170bb.jpg'),(107,'How to Play Siri Audio Briefs','Apple Inc.',32,'https://is3-ssl.mzstatic.com/image/thumb/Music118/v4/c5/23/e9/c523e990-f5d9-7ba6-eae8-e2ed24c08d37/source/170x170bb.jpg','https://is3-ssl.mzstatic.com/image/thumb/Music118/v4/c5/23/e9/c523e990-f5d9-7ba6-eae8-e2ed24c08d37/source/170x170bb.jpg'),(108,'How Did This Get Made?','Earwolf',4,'https://is3-ssl.mzstatic.com/image/thumb/Music128/v4/8f/26/7d/8f267d85-55a9-f9d2-3331-6521b416a937/source/170x170bb.jpg','https://is3-ssl.mzstatic.com/image/thumb/Music128/v4/8f/26/7d/8f267d85-55a9-f9d2-3331-6521b416a937/source/170x170bb.jpg'),(109,'And The Writer Is...with Ross Golan','Big Deal Music // Mega House Music',18,'https://is2-ssl.mzstatic.com/image/thumb/Music122/v4/a2/86/de/a286de7d-4b7b-6da4-b70f-9b04ee9e9eea/source/170x170bb.jpg','https://is2-ssl.mzstatic.com/image/thumb/Music122/v4/a2/86/de/a286de7d-4b7b-6da4-b70f-9b04ee9e9eea/source/170x170bb.jpg'),(110,'Book Tour with John Grisham','Book Tour LLC / John Grisham',20,'https://is3-ssl.mzstatic.com/image/thumb/Music128/v4/32/d0/a0/32d0a0b9-2dfe-9e20-2951-d7ab050ac675/source/170x170bb.jpg','https://is3-ssl.mzstatic.com/image/thumb/Music128/v4/32/d0/a0/32d0a0b9-2dfe-9e20-2951-d7ab050ac675/source/170x170bb.jpg'),(111,'Sidedoor','Smithsonian Institution',12,'https://is1-ssl.mzstatic.com/image/thumb/Music118/v4/d3/4b/75/d34b7529-2cec-a316-0b13-e16c9477d4f9/source/170x170bb.jpg','https://is1-ssl.mzstatic.com/image/thumb/Music118/v4/d3/4b/75/d34b7529-2cec-a316-0b13-e16c9477d4f9/source/170x170bb.jpg'),(112,'LifeAfter/The Message','Panoply',23,'https://is4-ssl.mzstatic.com/image/thumb/Music122/v4/83/b3/72/83b37287-1f9b-a3f7-0d22-090e3033ddb6/source/170x170bb.jpg','https://is4-ssl.mzstatic.com/image/thumb/Music122/v4/83/b3/72/83b37287-1f9b-a3f7-0d22-090e3033ddb6/source/170x170bb.jpg'),(113,'Ben Franklins World: A Podcast About Early American History','Liz Covart',10,'https://is3-ssl.mzstatic.com/image/thumb/Music71/v4/15/b2/1d/15b21df1-92cb-0cb9-5a78-2119bcf142a5/source/170x170bb.jpg','https://is3-ssl.mzstatic.com/image/thumb/Music71/v4/15/b2/1d/15b21df1-92cb-0cb9-5a78-2119bcf142a5/source/170x170bb.jpg'),(114,'The Indicator from Planet Money','NPR',16,'https://is3-ssl.mzstatic.com/image/thumb/Music128/v4/77/ad/09/77ad097e-6beb-f76d-6731-b7a8ec496e61/source/170x170bb.jpg','https://is3-ssl.mzstatic.com/image/thumb/Music128/v4/77/ad/09/77ad097e-6beb-f76d-6731-b7a8ec496e61/source/170x170bb.jpg'),(115,'The Tim Ferriss Show','Tim Ferriss',1,'https://is3-ssl.mzstatic.com/image/thumb/Music128/v4/44/7d/df/447ddfa8-227a-6ef6-b557-e5c0fdb3303a/source/170x170bb.jpg','https://is3-ssl.mzstatic.com/image/thumb/Music128/v4/44/7d/df/447ddfa8-227a-6ef6-b557-e5c0fdb3303a/source/170x170bb.jpg'),(116,'Live Wire with Luke Burbank','PRI',23,'https://is3-ssl.mzstatic.com/image/thumb/Music117/v4/79/63/8f/79638f6d-801a-f221-df93-654dc623ebcb/source/170x170bb.jpg','https://is3-ssl.mzstatic.com/image/thumb/Music117/v4/79/63/8f/79638f6d-801a-f221-df93-654dc623ebcb/source/170x170bb.jpg'),(117,'Larry Wilmore: Black on the Air','The Ringer',3,'https://is5-ssl.mzstatic.com/image/thumb/Music117/v4/dd/c5/4a/ddc54ada-2b38-31a3-58fb-e3fe1d9364c8/source/170x170bb.jpg','https://is5-ssl.mzstatic.com/image/thumb/Music117/v4/dd/c5/4a/ddc54ada-2b38-31a3-58fb-e3fe1d9364c8/source/170x170bb.jpg'),(118,'Reply All','Gimlet Media',8,'https://is1-ssl.mzstatic.com/image/thumb/Music128/v4/22/0d/f6/220df688-843f-264a-b67e-28644b73c129/source/170x170bb.jpg','https://is1-ssl.mzstatic.com/image/thumb/Music128/v4/22/0d/f6/220df688-843f-264a-b67e-28644b73c129/source/170x170bb.jpg'),(119,'Bowraville','The Australian',5,'https://is3-ssl.mzstatic.com/image/thumb/Music62/v4/ac/62/0a/ac620a3e-20d0-96f9-4336-f34e99290901/source/170x170bb.jpg','https://is3-ssl.mzstatic.com/image/thumb/Music62/v4/ac/62/0a/ac620a3e-20d0-96f9-4336-f34e99290901/source/170x170bb.jpg'),(120,'Skimmd from The Couch','theSkimm',9,'https://is5-ssl.mzstatic.com/image/thumb/Music118/v4/0f/33/3f/0f333f5c-4b03-188a-0ce9-34318bb13eeb/source/170x170bb.jpg','https://is5-ssl.mzstatic.com/image/thumb/Music118/v4/0f/33/3f/0f333f5c-4b03-188a-0ce9-34318bb13eeb/source/170x170bb.jpg'),(121,'This is Love','Criminal',15,'https://is4-ssl.mzstatic.com/image/thumb/Music118/v4/53/1d/c6/531dc6e4-d7c3-428f-1b29-9937d092fb91/source/170x170bb.jpg','https://is4-ssl.mzstatic.com/image/thumb/Music118/v4/53/1d/c6/531dc6e4-d7c3-428f-1b29-9937d092fb91/source/170x170bb.jpg'),(122,'Radio Atlantic','The Atlantic',5,'https://is2-ssl.mzstatic.com/image/thumb/Music128/v4/cb/97/2d/cb972d76-3501-bb03-fbb7-3a2eb86990d0/source/170x170bb.jpg','https://is2-ssl.mzstatic.com/image/thumb/Music128/v4/cb/97/2d/cb972d76-3501-bb03-fbb7-3a2eb86990d0/source/170x170bb.jpg'),(123,'The Lucky Few','Heather Avis',33,'https://is3-ssl.mzstatic.com/image/thumb/Music128/v4/d6/d2/85/d6d285bc-c5a0-cdc1-06f0-cdd5e96054a1/source/170x170bb.jpg','https://is3-ssl.mzstatic.com/image/thumb/Music128/v4/d6/d2/85/d6d285bc-c5a0-cdc1-06f0-cdd5e96054a1/source/170x170bb.jpg'),(124,'Inside The Exorcist','Wondery',6,'https://is3-ssl.mzstatic.com/image/thumb/Music118/v4/58/8c/c0/588cc082-9560-9337-5f13-2ec11040a8ef/source/170x170bb.jpg','https://is3-ssl.mzstatic.com/image/thumb/Music118/v4/58/8c/c0/588cc082-9560-9337-5f13-2ec11040a8ef/source/170x170bb.jpg'),(125,'The CSIS Podcast','Center for Strategic and International Studies',34,'https://is3-ssl.mzstatic.com/image/thumb/Music128/v4/ed/03/cf/ed03cf74-7539-b230-abc7-cf54d09f3678/source/170x170bb.jpg','https://is3-ssl.mzstatic.com/image/thumb/Music128/v4/ed/03/cf/ed03cf74-7539-b230-abc7-cf54d09f3678/source/170x170bb.jpg'),(126,'SOFREP Radio','Special Ops Radio',35,'https://is2-ssl.mzstatic.com/image/thumb/Music71/v4/9b/9f/b2/9b9fb216-e81a-3435-30bc-8c36a8b35ff5/source/170x170bb.jpg','https://is2-ssl.mzstatic.com/image/thumb/Music71/v4/9b/9f/b2/9b9fb216-e81a-3435-30bc-8c36a8b35ff5/source/170x170bb.jpg'),(127,'Season Ticket','WBUR',29,'https://is5-ssl.mzstatic.com/image/thumb/Music118/v4/75/4d/80/754d806a-d0d7-76df-7fe9-61854e6b1d7f/source/170x170bb.jpg','https://is5-ssl.mzstatic.com/image/thumb/Music118/v4/75/4d/80/754d806a-d0d7-76df-7fe9-61854e6b1d7f/source/170x170bb.jpg'),(128,'TEAM Effort','Bad Producer Productions',4,'https://is5-ssl.mzstatic.com/image/thumb/Music62/v4/79/96/89/79968913-57d3-4f4a-89ba-ca593902d564/source/170x170bb.jpg','https://is5-ssl.mzstatic.com/image/thumb/Music62/v4/79/96/89/79968913-57d3-4f4a-89ba-ca593902d564/source/170x170bb.jpg'),(129,'Maeve in America: Immigration IRL','Topic',3,'https://is1-ssl.mzstatic.com/image/thumb/Music111/v4/88/ea/65/88ea6520-bcdb-9b78-ccef-89cfb26d0590/source/170x170bb.jpg','https://is1-ssl.mzstatic.com/image/thumb/Music111/v4/88/ea/65/88ea6520-bcdb-9b78-ccef-89cfb26d0590/source/170x170bb.jpg'),(130,'Advice from Mom','Rebecca Garza-Bortman',36,'https://is5-ssl.mzstatic.com/image/thumb/Music128/v4/f8/9e/98/f89e982f-5a2f-1781-9d47-b54457fafa44/source/170x170bb.jpg','https://is5-ssl.mzstatic.com/image/thumb/Music128/v4/f8/9e/98/f89e982f-5a2f-1781-9d47-b54457fafa44/source/170x170bb.jpg'),(131,'Sickboy','Entertainment One',4,'https://is4-ssl.mzstatic.com/image/thumb/Music71/v4/0a/77/88/0a7788de-b758-82a4-fa53-43f460ac9a6d/source/170x170bb.jpg','https://is4-ssl.mzstatic.com/image/thumb/Music71/v4/0a/77/88/0a7788de-b758-82a4-fa53-43f460ac9a6d/source/170x170bb.jpg'),(132,'Brains On! Science podcast for kids','American Public Media',13,'https://is1-ssl.mzstatic.com/image/thumb/Music62/v4/21/10/4f/21104fd3-c34e-bd39-6c8d-4ff4a6af69ef/source/170x170bb.jpg','https://is1-ssl.mzstatic.com/image/thumb/Music62/v4/21/10/4f/21104fd3-c34e-bd39-6c8d-4ff4a6af69ef/source/170x170bb.jpg'),(133,'Business Wars','Wondery',16,'https://is4-ssl.mzstatic.com/image/thumb/Music128/v4/ed/9d/f0/ed9df0e0-beb1-a44a-9670-772923b07297/source/170x170bb.jpg','https://is4-ssl.mzstatic.com/image/thumb/Music128/v4/ed/9d/f0/ed9df0e0-beb1-a44a-9670-772923b07297/source/170x170bb.jpg'),(134,'Off Camera with Sam Jones','Sam Jones',22,'https://is5-ssl.mzstatic.com/image/thumb/Music128/v4/65/5f/1c/655f1c12-880a-2b08-cd12-dff66911ca42/source/170x170bb.jpg','https://is5-ssl.mzstatic.com/image/thumb/Music128/v4/65/5f/1c/655f1c12-880a-2b08-cd12-dff66911ca42/source/170x170bb.jpg'),(135,'Atlanta Monster','HowStuffWorks',3,'https://is5-ssl.mzstatic.com/image/thumb/Music128/v4/04/67/bf/0467bfd3-6f9f-495e-33ca-16e9b65451c5/source/170x170bb.jpg','https://is5-ssl.mzstatic.com/image/thumb/Music128/v4/04/67/bf/0467bfd3-6f9f-495e-33ca-16e9b65451c5/source/170x170bb.jpg'),(136,'Katie Couric','Stitcher',5,'https://is2-ssl.mzstatic.com/image/thumb/Music122/v4/08/98/83/089883ee-fd07-d4fe-c21a-1d888ae6aadf/source/170x170bb.jpg','https://is2-ssl.mzstatic.com/image/thumb/Music122/v4/08/98/83/089883ee-fd07-d4fe-c21a-1d888ae6aadf/source/170x170bb.jpg'),(137,'Kings Last March','American Public Media',3,'https://is4-ssl.mzstatic.com/image/thumb/Music118/v4/7a/08/f3/7a08f33e-2708-5bfa-86cf-9086984fef89/source/170x170bb.jpg','https://is4-ssl.mzstatic.com/image/thumb/Music118/v4/7a/08/f3/7a08f33e-2708-5bfa-86cf-9086984fef89/source/170x170bb.jpg'),(138,'Within the Wires','Night Vale Presents',23,'https://is1-ssl.mzstatic.com/image/thumb/Music128/v4/e7/38/83/e7388325-376a-fa99-109e-5fab74c997fc/source/170x170bb.jpg','https://is1-ssl.mzstatic.com/image/thumb/Music128/v4/e7/38/83/e7388325-376a-fa99-109e-5fab74c997fc/source/170x170bb.jpg'),(139,'Up and Vanished','Tenderfoot',5,'https://is4-ssl.mzstatic.com/image/thumb/Music118/v4/84/94/65/849465bc-a016-f2f6-1ebd-3704ac0f882d/source/170x170bb.jpg','https://is4-ssl.mzstatic.com/image/thumb/Music118/v4/84/94/65/849465bc-a016-f2f6-1ebd-3704ac0f882d/source/170x170bb.jpg'),(140,'Why Oh Why','Andrea Silenzi / Panoply',15,'https://is4-ssl.mzstatic.com/image/thumb/Music128/v4/55/78/a7/5578a747-76c9-4ba8-bd4e-c35626e9ab19/source/170x170bb.jpg','https://is4-ssl.mzstatic.com/image/thumb/Music128/v4/55/78/a7/5578a747-76c9-4ba8-bd4e-c35626e9ab19/source/170x170bb.jpg'),(141,'WTF with Marc Maron Podcast','Marc Maron',4,'https://is4-ssl.mzstatic.com/image/thumb/Music71/v4/2b/fd/92/2bfd9226-b330-491a-86cc-02624d253901/source/170x170bb.jpg','https://is4-ssl.mzstatic.com/image/thumb/Music71/v4/2b/fd/92/2bfd9226-b330-491a-86cc-02624d253901/source/170x170bb.jpg'),(142,'The Presidents Inbox','Council on Foreign Relations',5,'https://is1-ssl.mzstatic.com/image/thumb/Music71/v4/ca/74/4c/ca744cbb-c184-9ac0-b984-005663e4dfb9/source/170x170bb.jpg','https://is1-ssl.mzstatic.com/image/thumb/Music71/v4/ca/74/4c/ca744cbb-c184-9ac0-b984-005663e4dfb9/source/170x170bb.jpg'),(143,'The Wine Down by Wine Dialogues','William Hill Estate',4,'https://is3-ssl.mzstatic.com/image/thumb/Music128/v4/1d/0e/46/1d0e4689-8aeb-b9ff-0dff-916ceb0bb22a/source/170x170bb.jpg','https://is3-ssl.mzstatic.com/image/thumb/Music128/v4/1d/0e/46/1d0e4689-8aeb-b9ff-0dff-916ceb0bb22a/source/170x170bb.jpg'),(144,'Wonderland Podcast','Steven Johnson',3,'https://is5-ssl.mzstatic.com/image/thumb/Music111/v4/2b/ba/2d/2bba2d89-dd33-08d9-615a-d1bd5001ab66/source/170x170bb.jpg','https://is5-ssl.mzstatic.com/image/thumb/Music111/v4/2b/ba/2d/2bba2d89-dd33-08d9-615a-d1bd5001ab66/source/170x170bb.jpg'),(145,'Nerdificent','HowStuffWorks',4,'https://is2-ssl.mzstatic.com/image/thumb/Music128/v4/cc/34/9e/cc349ea6-7a87-03ca-c771-9492063066bd/source/170x170bb.jpg','https://is2-ssl.mzstatic.com/image/thumb/Music128/v4/cc/34/9e/cc349ea6-7a87-03ca-c771-9492063066bd/source/170x170bb.jpg'),(146,'Descendants 2: Special Event','Events at the Apple Store',6,'https://is2-ssl.mzstatic.com/image/thumb/Music128/v4/5a/c9/4c/5ac94c44-b25b-9ff0-ce10-bf381588db82/source/170x170bb.jpg','https://is2-ssl.mzstatic.com/image/thumb/Music128/v4/5a/c9/4c/5ac94c44-b25b-9ff0-ce10-bf381588db82/source/170x170bb.jpg'),(147,'My Brothers Sneaker','My Brothers Sneaker',4,'https://is1-ssl.mzstatic.com/image/thumb/Music122/v4/d5/37/c7/d537c742-ae09-bb79-94f5-123add0aa0e9/source/170x170bb.jpg','https://is1-ssl.mzstatic.com/image/thumb/Music122/v4/d5/37/c7/d537c742-ae09-bb79-94f5-123add0aa0e9/source/170x170bb.jpg'),(148,'Global GoalsCast','We Are All Human Foundation',34,'https://is4-ssl.mzstatic.com/image/thumb/Music128/v4/bf/6c/22/bf6c22ea-89a6-9dfe-d850-4a3c20ab1346/source/170x170bb.jpg','https://is4-ssl.mzstatic.com/image/thumb/Music128/v4/bf/6c/22/bf6c22ea-89a6-9dfe-d850-4a3c20ab1346/source/170x170bb.jpg'),(149,'The Auto Firm with Alex Vega','reVolver',37,'https://is3-ssl.mzstatic.com/image/thumb/Music128/v4/2e/35/dd/2e35dd1b-0a60-211d-6eda-6bbbdfbb40f3/source/170x170bb.jpg','https://is3-ssl.mzstatic.com/image/thumb/Music128/v4/2e/35/dd/2e35dd1b-0a60-211d-6eda-6bbbdfbb40f3/source/170x170bb.jpg'),(150,'Disney Story Central Podcast','Disney',13,'https://is2-ssl.mzstatic.com/image/thumb/Music71/v4/0f/ca/6f/0fca6f04-ae42-2683-b617-8b28563b387c/source/170x170bb.jpg','https://is2-ssl.mzstatic.com/image/thumb/Music71/v4/0f/ca/6f/0fca6f04-ae42-2683-b617-8b28563b387c/source/170x170bb.jpg'),(151,'Mike and Dave Need Wedding Dates: Meet the Actor','Events at the Apple Store',6,'https://is1-ssl.mzstatic.com/image/thumb/Music71/v4/7d/67/b4/7d67b4c7-cbcc-7f50-669c-33bd544cc0eb/source/170x170bb.jpg','https://is1-ssl.mzstatic.com/image/thumb/Music71/v4/7d/67/b4/7d67b4c7-cbcc-7f50-669c-33bd544cc0eb/source/170x170bb.jpg'),(152,'The Jim Jefferies Show Podcast','Comedy Central',4,'https://is3-ssl.mzstatic.com/image/thumb/Music118/v4/82/de/a1/82dea128-9e43-6db6-2fba-1e520d7b2fc9/source/170x170bb.jpg','https://is3-ssl.mzstatic.com/image/thumb/Music118/v4/82/de/a1/82dea128-9e43-6db6-2fba-1e520d7b2fc9/source/170x170bb.jpg'),(153,'Can He Do That?','The Washington Post',5,'https://is5-ssl.mzstatic.com/image/thumb/Music127/v4/79/64/a7/7964a736-6775-00f9-27a6-6f68c53f41d2/source/170x170bb.jpg','https://is5-ssl.mzstatic.com/image/thumb/Music127/v4/79/64/a7/7964a736-6775-00f9-27a6-6f68c53f41d2/source/170x170bb.jpg'),(154,'The Real Thing - ABC','ABC Radio National',3,'https://is2-ssl.mzstatic.com/image/thumb/Music71/v4/b0/07/4a/b0074a76-8443-e31f-bb4b-d19c8c6db0da/source/170x170bb.jpg','https://is2-ssl.mzstatic.com/image/thumb/Music71/v4/b0/07/4a/b0074a76-8443-e31f-bb4b-d19c8c6db0da/source/170x170bb.jpg'),(155,'Rookie','MTV',6,'https://is2-ssl.mzstatic.com/image/thumb/Music111/v4/12/43/d8/1243d8ba-3bad-4c5d-cbb0-54038afd2e20/source/170x170bb.jpg','https://is2-ssl.mzstatic.com/image/thumb/Music111/v4/12/43/d8/1243d8ba-3bad-4c5d-cbb0-54038afd2e20/source/170x170bb.jpg'),(156,'Fake The Nation','Earwolf',5,'https://is2-ssl.mzstatic.com/image/thumb/Music111/v4/48/29/02/482902e2-f0e4-4c27-63fb-6d31e23de47a/source/170x170bb.jpg','https://is2-ssl.mzstatic.com/image/thumb/Music111/v4/48/29/02/482902e2-f0e4-4c27-63fb-6d31e23de47a/source/170x170bb.jpg'),(157,'The Promise','Nashville Public Radio',3,'https://is3-ssl.mzstatic.com/image/thumb/Music128/v4/97/45/b5/9745b57d-c249-8219-0f25-5e5f564096a6/source/170x170bb.jpg','https://is3-ssl.mzstatic.com/image/thumb/Music128/v4/97/45/b5/9745b57d-c249-8219-0f25-5e5f564096a6/source/170x170bb.jpg'),(158,'Repeat','89.3 KPCC',5,'https://is1-ssl.mzstatic.com/image/thumb/Music62/v4/2a/d8/46/2ad846ef-0c67-51e9-2aaa-237f22b67ae0/source/170x170bb.jpg','https://is1-ssl.mzstatic.com/image/thumb/Music62/v4/2a/d8/46/2ad846ef-0c67-51e9-2aaa-237f22b67ae0/source/170x170bb.jpg'),(159,'The Pitch','Gimlet Media',9,'https://is5-ssl.mzstatic.com/image/thumb/Music118/v4/0e/10/6e/0e106e1f-e3e9-19f1-649d-d4781830149e/source/170x170bb.jpg','https://is5-ssl.mzstatic.com/image/thumb/Music118/v4/0e/10/6e/0e106e1f-e3e9-19f1-649d-d4781830149e/source/170x170bb.jpg'),(160,'Felonious Florida','Wondery',3,'https://is2-ssl.mzstatic.com/image/thumb/Music62/v4/fd/2e/c5/fd2ec5ee-cd90-275a-07e4-2a4ecd73b24a/source/170x170bb.jpg','https://is2-ssl.mzstatic.com/image/thumb/Music62/v4/fd/2e/c5/fd2ec5ee-cd90-275a-07e4-2a4ecd73b24a/source/170x170bb.jpg'),(161,'The Eater Upsell','Eater',31,'https://is5-ssl.mzstatic.com/image/thumb/Music111/v4/5f/29/a2/5f29a223-f1e7-d087-4182-b7a4ec0444e6/source/170x170bb.jpg','https://is5-ssl.mzstatic.com/image/thumb/Music111/v4/5f/29/a2/5f29a223-f1e7-d087-4182-b7a4ec0444e6/source/170x170bb.jpg'),(162,'An Irishman Abroad','Jarlath Regan',15,'https://is5-ssl.mzstatic.com/image/thumb/Music128/v4/31/a0/d4/31a0d41d-f37a-b8cd-638c-405b2376f9e2/source/170x170bb.jpg','https://is5-ssl.mzstatic.com/image/thumb/Music128/v4/31/a0/d4/31a0d41d-f37a-b8cd-638c-405b2376f9e2/source/170x170bb.jpg'),(163,'Game of Our Lives','Jetty',2,'https://is4-ssl.mzstatic.com/image/thumb/Music128/v4/c8/de/d3/c8ded366-6dd0-62d4-c901-3a8db1ccf16b/source/170x170bb.jpg','https://is4-ssl.mzstatic.com/image/thumb/Music128/v4/c8/de/d3/c8ded366-6dd0-62d4-c901-3a8db1ccf16b/source/170x170bb.jpg'),(164,'Its Been a Minute with Sam Sanders','NPR',3,'https://is1-ssl.mzstatic.com/image/thumb/Music128/v4/42/39/8c/42398cbd-19fd-eae2-cde4-c3417856e5b3/source/170x170bb.jpg','https://is1-ssl.mzstatic.com/image/thumb/Music128/v4/42/39/8c/42398cbd-19fd-eae2-cde4-c3417856e5b3/source/170x170bb.jpg'),(165,'Malcolm Gladwell','Revisionist History: Special Event',38,'https://is3-ssl.mzstatic.com/image/thumb/Music71/v4/ec/7d/b0/ec7db031-55b4-3a1b-5eb4-531cc3f40e93/source/170x170bb.jpg','https://is3-ssl.mzstatic.com/image/thumb/Music71/v4/ec/7d/b0/ec7db031-55b4-3a1b-5eb4-531cc3f40e93/source/170x170bb.jpg'),(166,'The Polygon Show','Polygon',39,'https://is2-ssl.mzstatic.com/image/thumb/Music117/v4/55/4a/70/554a70c7-aa09-09ce-f14b-097b0393afce/source/170x170bb.jpg','https://is2-ssl.mzstatic.com/image/thumb/Music117/v4/55/4a/70/554a70c7-aa09-09ce-f14b-097b0393afce/source/170x170bb.jpg'),(167,'Due Date: Pregnancy Uncensored','USA TODAY',13,'https://is2-ssl.mzstatic.com/image/thumb/Music122/v4/c2/0e/aa/c20eaa25-1f76-3421-7414-46891bb874ab/source/170x170bb.jpg','https://is2-ssl.mzstatic.com/image/thumb/Music122/v4/c2/0e/aa/c20eaa25-1f76-3421-7414-46891bb874ab/source/170x170bb.jpg'),(168,'Second Wave','KUOW',10,'https://is1-ssl.mzstatic.com/image/thumb/Music128/v4/bb/1d/0a/bb1d0a75-56e0-2c11-7236-26b5dd33e3a6/source/170x170bb.jpg','https://is1-ssl.mzstatic.com/image/thumb/Music128/v4/bb/1d/0a/bb1d0a75-56e0-2c11-7236-26b5dd33e3a6/source/170x170bb.jpg'),(169,'Buried Truths','WABE',10,'https://is5-ssl.mzstatic.com/image/thumb/Music62/v4/45/d7/23/45d7236c-e111-224d-530e-5f2dfd7fc0ae/source/170x170bb.jpg','https://is5-ssl.mzstatic.com/image/thumb/Music62/v4/45/d7/23/45d7236c-e111-224d-530e-5f2dfd7fc0ae/source/170x170bb.jpg'),(170,'Conspiracy Theories','Parcast',10,'https://is2-ssl.mzstatic.com/image/thumb/Music118/v4/8a/13/3e/8a133eb6-2be0-6396-39b6-79bf31406cda/source/170x170bb.jpg','https://is2-ssl.mzstatic.com/image/thumb/Music118/v4/8a/13/3e/8a133eb6-2be0-6396-39b6-79bf31406cda/source/170x170bb.jpg'),(171,'REALITY BYTES','JASH',4,'https://is5-ssl.mzstatic.com/image/thumb/Music118/v4/93/7a/e8/937ae8ce-9fba-a06b-1f53-42bc10ca2caf/source/170x170bb.jpg','https://is5-ssl.mzstatic.com/image/thumb/Music118/v4/93/7a/e8/937ae8ce-9fba-a06b-1f53-42bc10ca2caf/source/170x170bb.jpg'),(172,'Twice Removed','Gimlet Media',10,'https://is1-ssl.mzstatic.com/image/thumb/Music111/v4/c1/a4/26/c1a426b6-6ae4-7b1c-da00-bd53c04a6213/source/170x170bb.jpg','https://is1-ssl.mzstatic.com/image/thumb/Music111/v4/c1/a4/26/c1a426b6-6ae4-7b1c-da00-bd53c04a6213/source/170x170bb.jpg'),(173,'The Gerrymandering Project','ESPN',5,'https://is1-ssl.mzstatic.com/image/thumb/Music118/v4/36/fc/e3/36fce3d6-d1d7-bfcf-cce8-628eeb5363bf/source/170x170bb.jpg','https://is1-ssl.mzstatic.com/image/thumb/Music118/v4/36/fc/e3/36fce3d6-d1d7-bfcf-cce8-628eeb5363bf/source/170x170bb.jpg'),(174,'Crash On My Couch','Arden Rose & Will Darbyshire',4,'https://is2-ssl.mzstatic.com/image/thumb/Music111/v4/9f/08/d9/9f08d990-6632-4ce6-550d-50c583ca8670/source/170x170bb.jpg','https://is2-ssl.mzstatic.com/image/thumb/Music111/v4/9f/08/d9/9f08d990-6632-4ce6-550d-50c583ca8670/source/170x170bb.jpg'),(175,'How I Built This with Guy Raz','NPR',16,'https://is2-ssl.mzstatic.com/image/thumb/Music128/v4/02/13/79/021379ba-ee43-ebec-79f3-39aaf5d2476e/source/170x170bb.jpg','https://is2-ssl.mzstatic.com/image/thumb/Music128/v4/02/13/79/021379ba-ee43-ebec-79f3-39aaf5d2476e/source/170x170bb.jpg'),(176,'The Trip','Roads & Kingdoms',19,'https://is3-ssl.mzstatic.com/image/thumb/Music118/v4/b4/38/f7/b438f72d-6227-11f0-0d94-0807edcf75b3/source/170x170bb.jpg','https://is3-ssl.mzstatic.com/image/thumb/Music118/v4/b4/38/f7/b438f72d-6227-11f0-0d94-0807edcf75b3/source/170x170bb.jpg'),(177,'When to Jump','Macmillan Publishers',9,'https://is4-ssl.mzstatic.com/image/thumb/Music118/v4/2e/51/d7/2e51d74b-35df-fcd7-d1d9-4ca3a4cc1b23/source/170x170bb.jpg','https://is4-ssl.mzstatic.com/image/thumb/Music118/v4/2e/51/d7/2e51d74b-35df-fcd7-d1d9-4ca3a4cc1b23/source/170x170bb.jpg'),(178,'Small Doses','Starburns Audio',4,'https://is5-ssl.mzstatic.com/image/thumb/Music62/v4/d2/87/cc/d287ccdc-ed25-6013-471f-600669965637/source/170x170bb.jpg','https://is5-ssl.mzstatic.com/image/thumb/Music62/v4/d2/87/cc/d287ccdc-ed25-6013-471f-600669965637/source/170x170bb.jpg'),(179,'The Moment with Brian Koppelman','Cadence13',6,'https://is5-ssl.mzstatic.com/image/thumb/Music118/v4/64/3f/53/643f53e5-f8a0-2176-9afb-63091cc5a337/source/170x170bb.jpg','https://is5-ssl.mzstatic.com/image/thumb/Music118/v4/64/3f/53/643f53e5-f8a0-2176-9afb-63091cc5a337/source/170x170bb.jpg'),(180,'From The Heart: Conversations with Yoga Girl','Yoga Girl',14,'https://is2-ssl.mzstatic.com/image/thumb/Music117/v4/4c/79/c9/4c79c94a-4636-e97f-460d-06970fe11fb5/source/170x170bb.jpg','https://is2-ssl.mzstatic.com/image/thumb/Music117/v4/4c/79/c9/4c79c94a-4636-e97f-460d-06970fe11fb5/source/170x170bb.jpg'),(181,'The Starters','NBA Digital',29,'https://is4-ssl.mzstatic.com/image/thumb/Music128/v4/dc/70/96/dc70960f-e5b6-6e9d-4a49-73bb68bcfc77/source/170x170bb.jpg','https://is4-ssl.mzstatic.com/image/thumb/Music128/v4/dc/70/96/dc70960f-e5b6-6e9d-4a49-73bb68bcfc77/source/170x170bb.jpg'),(182,'Hostile Worlds','The Podcast Host',24,'https://is3-ssl.mzstatic.com/image/thumb/Music128/v4/f7/42/00/f742008e-34b4-6221-4e5a-fbefcdec0070/source/170x170bb.jpg','https://is3-ssl.mzstatic.com/image/thumb/Music128/v4/f7/42/00/f742008e-34b4-6221-4e5a-fbefcdec0070/source/170x170bb.jpg'),(183,'With her','Hillary Clinton',5,'https://is1-ssl.mzstatic.com/image/thumb/Music71/v4/40/3a/03/403a0385-3b06-7c50-1a7e-e13365f6f54a/source/170x170bb.jpg','https://is1-ssl.mzstatic.com/image/thumb/Music71/v4/40/3a/03/403a0385-3b06-7c50-1a7e-e13365f6f54a/source/170x170bb.jpg'),(184,'This Nashville Life','Kelleigh Bannen',18,'https://is5-ssl.mzstatic.com/image/thumb/Music111/v4/13/f2/f3/13f2f316-39f4-3bd4-3bae-f3658c022623/source/170x170bb.jpg','https://is5-ssl.mzstatic.com/image/thumb/Music111/v4/13/f2/f3/13f2f316-39f4-3bd4-3bae-f3658c022623/source/170x170bb.jpg'),(185,'Part-Time Genius','HowStuffWorks',3,'https://is2-ssl.mzstatic.com/image/thumb/Music117/v4/5a/4d/b9/5a4db91a-dbed-dc09-ec79-3bab7219e5fb/source/170x170bb.jpg','https://is2-ssl.mzstatic.com/image/thumb/Music117/v4/5a/4d/b9/5a4db91a-dbed-dc09-ec79-3bab7219e5fb/source/170x170bb.jpg'),(186,'The Black Tapes','Pacific Northwest Stories',23,'https://is5-ssl.mzstatic.com/image/thumb/Music62/v4/72/86/bb/7286bb2a-f8d7-b6c2-ed9c-cb42702c8300/source/170x170bb.jpg','https://is5-ssl.mzstatic.com/image/thumb/Music62/v4/72/86/bb/7286bb2a-f8d7-b6c2-ed9c-cb42702c8300/source/170x170bb.jpg'),(187,'IVFML','The Huffington Post',40,'https://is2-ssl.mzstatic.com/image/thumb/Music128/v4/41/8f/66/418f666d-6bd0-4a0b-7a94-94a60992c00a/source/170x170bb.jpg','https://is2-ssl.mzstatic.com/image/thumb/Music128/v4/41/8f/66/418f666d-6bd0-4a0b-7a94-94a60992c00a/source/170x170bb.jpg'),(188,'Rebellion in Detroit','Annapurna Pictures | Midroll Media | Transmitter Media',3,'https://is4-ssl.mzstatic.com/image/thumb/Music118/v4/19/02/0c/19020ce9-c2b0-5923-8bd8-fe2af8dc36df/source/170x170bb.jpg','https://is4-ssl.mzstatic.com/image/thumb/Music118/v4/19/02/0c/19020ce9-c2b0-5923-8bd8-fe2af8dc36df/source/170x170bb.jpg'),(189,'VIEWS with David Dobrik and Jason Nash','Cadence13',4,'https://is5-ssl.mzstatic.com/image/thumb/Music127/v4/90/c7/f0/90c7f022-4653-e329-1271-f3e06c23a5c1/source/170x170bb.jpg','https://is5-ssl.mzstatic.com/image/thumb/Music127/v4/90/c7/f0/90c7f022-4653-e329-1271-f3e06c23a5c1/source/170x170bb.jpg'),(190,'Making Gay History','Eric Marcus',10,'https://is4-ssl.mzstatic.com/image/thumb/Music117/v4/58/e5/a8/58e5a8c3-35bd-4cd4-6baa-607644b7d70c/source/170x170bb.jpg','https://is4-ssl.mzstatic.com/image/thumb/Music117/v4/58/e5/a8/58e5a8c3-35bd-4cd4-6baa-607644b7d70c/source/170x170bb.jpg'),(191,'Code Switch','NPR',5,'https://is2-ssl.mzstatic.com/image/thumb/Music128/v4/58/f8/e7/58f8e713-ea54-68b8-3ab0-39bf77028528/source/170x170bb.jpg','https://is2-ssl.mzstatic.com/image/thumb/Music128/v4/58/f8/e7/58f8e713-ea54-68b8-3ab0-39bf77028528/source/170x170bb.jpg'),(192,'Irish and Celtic Music Podcast','Marc Gunn',18,'https://is4-ssl.mzstatic.com/image/thumb/Music122/v4/20/fd/f6/20fdf61f-0a05-c579-8fe5-8171882501a5/source/170x170bb.jpg','https://is4-ssl.mzstatic.com/image/thumb/Music122/v4/20/fd/f6/20fdf61f-0a05-c579-8fe5-8171882501a5/source/170x170bb.jpg'),(193,'Good Life Project','Wondery',14,'https://is3-ssl.mzstatic.com/image/thumb/Music128/v4/a1/e1/d3/a1e1d363-f383-d277-3222-5899436d7fc4/source/170x170bb.jpg','https://is3-ssl.mzstatic.com/image/thumb/Music128/v4/a1/e1/d3/a1e1d363-f383-d277-3222-5899436d7fc4/source/170x170bb.jpg'),(194,'Hannibal Buress: Handsome Rambler','Hannibal Buress',4,'https://is5-ssl.mzstatic.com/image/thumb/Music111/v4/3a/b9/ef/3ab9efd3-bf6b-ebb4-9d01-8fc35cd6716c/source/170x170bb.jpg','https://is5-ssl.mzstatic.com/image/thumb/Music111/v4/3a/b9/ef/3ab9efd3-bf6b-ebb4-9d01-8fc35cd6716c/source/170x170bb.jpg'),(195,'Star Wars Minute','Shampoopoo',6,'https://is2-ssl.mzstatic.com/image/thumb/Music128/v4/3c/56/4c/3c564c7b-7323-9713-bc86-3f5e1edf3245/source/170x170bb.jpg','https://is2-ssl.mzstatic.com/image/thumb/Music128/v4/3c/56/4c/3c564c7b-7323-9713-bc86-3f5e1edf3245/source/170x170bb.jpg'),(196,'The Last Movie','Pacific Northwest Stories',23,'https://is1-ssl.mzstatic.com/image/thumb/Music128/v4/82/e6/64/82e6643b-f443-8713-6f9f-613cbb12e11e/source/170x170bb.jpg','https://is1-ssl.mzstatic.com/image/thumb/Music128/v4/82/e6/64/82e6643b-f443-8713-6f9f-613cbb12e11e/source/170x170bb.jpg'),(197,'Super Mario Run','Events at the Apple Store',39,'https://is4-ssl.mzstatic.com/image/thumb/Music111/v4/68/56/9f/68569fbd-0487-4c6b-e274-a0ecb8bd3172/source/170x170bb.jpg','https://is4-ssl.mzstatic.com/image/thumb/Music111/v4/68/56/9f/68569fbd-0487-4c6b-e274-a0ecb8bd3172/source/170x170bb.jpg'),(198,'Required Listening','HowStuffWorks',18,'https://is4-ssl.mzstatic.com/image/thumb/Music118/v4/07/e3/5a/07e35a87-2f66-2b17-1e5f-2ffaee72b02a/source/170x170bb.jpg','https://is4-ssl.mzstatic.com/image/thumb/Music118/v4/07/e3/5a/07e35a87-2f66-2b17-1e5f-2ffaee72b02a/source/170x170bb.jpg'),(199,'Start Here','ABC News',5,'https://is4-ssl.mzstatic.com/image/thumb/Music128/v4/15/18/b0/1518b0b0-d15c-71de-a19d-5f39fb302277/source/170x170bb.jpg','https://is4-ssl.mzstatic.com/image/thumb/Music128/v4/15/18/b0/1518b0b0-d15c-71de-a19d-5f39fb302277/source/170x170bb.jpg'),(200,'Rants and Randomness with Luvvie Ajayi','Luvvie Ajayi',3,'https://is4-ssl.mzstatic.com/image/thumb/Music128/v4/51/61/ae/5161aeb3-7aff-73af-d390-da6296617a2b/source/170x170bb.jpg','https://is4-ssl.mzstatic.com/image/thumb/Music128/v4/51/61/ae/5161aeb3-7aff-73af-d390-da6296617a2b/source/170x170bb.jpg'),(201,'FORTUNE Unfiltered with Aaron Task','Time',25,'https://is3-ssl.mzstatic.com/image/thumb/Music122/v4/24/b1/cb/24b1cb6d-f750-2744-e70e-d91ce1ea9503/source/170x170bb.jpg','https://is3-ssl.mzstatic.com/image/thumb/Music122/v4/24/b1/cb/24b1cb6d-f750-2744-e70e-d91ce1ea9503/source/170x170bb.jpg'),(202,'Direct Current - An Energy.gov Podcast','Energy.gov',12,'https://is4-ssl.mzstatic.com/image/thumb/Music128/v4/7d/39/c8/7d39c8ae-df8a-28de-1360-06bbd8db5909/source/170x170bb.jpg','https://is4-ssl.mzstatic.com/image/thumb/Music128/v4/7d/39/c8/7d39c8ae-df8a-28de-1360-06bbd8db5909/source/170x170bb.jpg'),(203,'The Adventure Zone','Maximum Fun',4,'https://is4-ssl.mzstatic.com/image/thumb/Music118/v4/ac/6a/51/ac6a51ae-0e8a-fa09-15e7-293a7c456511/source/170x170bb.jpg','https://is4-ssl.mzstatic.com/image/thumb/Music118/v4/ac/6a/51/ac6a51ae-0e8a-fa09-15e7-293a7c456511/source/170x170bb.jpg'),(204,'Streets First Podcast','A Butta',2,'https://is5-ssl.mzstatic.com/image/thumb/Music128/v4/ae/02/e0/ae02e02a-6a94-c8d6-6f12-54fc510f982e/source/170x170bb.jpg','https://is5-ssl.mzstatic.com/image/thumb/Music128/v4/ae/02/e0/ae02e02a-6a94-c8d6-6f12-54fc510f982e/source/170x170bb.jpg'),(205,'Harry Potter and the Sacred Text','Vanessa Zoltan',41,'https://is4-ssl.mzstatic.com/image/thumb/Music62/v4/44/ab/cf/44abcf42-baf7-f9ff-45a5-1a27eed1d6b9/source/170x170bb.jpg','https://is4-ssl.mzstatic.com/image/thumb/Music62/v4/44/ab/cf/44abcf42-baf7-f9ff-45a5-1a27eed1d6b9/source/170x170bb.jpg'),(206,'Houston We Have a Podcast','NASA',42,'https://is1-ssl.mzstatic.com/image/thumb/Music118/v4/f2/c9/b9/f2c9b90b-2ba8-b5a5-b498-ab32485a894f/source/170x170bb.jpg','https://is1-ssl.mzstatic.com/image/thumb/Music118/v4/f2/c9/b9/f2c9b90b-2ba8-b5a5-b498-ab32485a894f/source/170x170bb.jpg'),(207,'Im Still Here','The Huffington Post',15,'https://is2-ssl.mzstatic.com/image/thumb/Music128/v4/35/fd/4e/35fd4e5d-1f6b-67db-c0f6-06ae043419e0/source/170x170bb.jpg','https://is2-ssl.mzstatic.com/image/thumb/Music128/v4/35/fd/4e/35fd4e5d-1f6b-67db-c0f6-06ae043419e0/source/170x170bb.jpg'),(208,'The Drop-In with Will Malnati','At Will Radio',4,'https://is4-ssl.mzstatic.com/image/thumb/Music122/v4/dd/b5/12/ddb512a6-b30f-4ba4-e3ee-a45b8c9ae180/source/170x170bb.jpg','https://is4-ssl.mzstatic.com/image/thumb/Music122/v4/dd/b5/12/ddb512a6-b30f-4ba4-e3ee-a45b8c9ae180/source/170x170bb.jpg'),(209,'Darkest Night','The Paragon Collective',23,'https://is2-ssl.mzstatic.com/image/thumb/Music71/v4/ee/d6/ae/eed6ae13-4799-b08f-eaf1-61e939132259/source/170x170bb.jpg','https://is2-ssl.mzstatic.com/image/thumb/Music71/v4/ee/d6/ae/eed6ae13-4799-b08f-eaf1-61e939132259/source/170x170bb.jpg'),(210,'StarTalk Radio','StarTalk Radio',24,'https://is2-ssl.mzstatic.com/image/thumb/Music62/v4/8e/0a/70/8e0a7014-9ccc-b532-5eb7-2b803d1a571a/source/170x170bb.jpg','https://is2-ssl.mzstatic.com/image/thumb/Music62/v4/8e/0a/70/8e0a7014-9ccc-b532-5eb7-2b803d1a571a/source/170x170bb.jpg'),(211,'30 For 30 Podcasts','ESPN',2,'https://is1-ssl.mzstatic.com/image/thumb/Music127/v4/7d/97/11/7d971187-e5d4-1b1a-9894-13be96754de5/source/170x170bb.jpg','https://is1-ssl.mzstatic.com/image/thumb/Music127/v4/7d/97/11/7d971187-e5d4-1b1a-9894-13be96754de5/source/170x170bb.jpg'),(212,'Second Chances','Greg Baldwin & Joey Feldman',4,'https://is1-ssl.mzstatic.com/image/thumb/Music62/v4/2e/97/50/2e97506b-ae15-ca93-4182-54244ac4525b/source/170x170bb.jpg','https://is1-ssl.mzstatic.com/image/thumb/Music62/v4/2e/97/50/2e97506b-ae15-ca93-4182-54244ac4525b/source/170x170bb.jpg'),(213,'Science Vs','Gimlet Media',42,'https://is4-ssl.mzstatic.com/image/thumb/Music118/v4/0d/38/d6/0d38d603-fe6d-9e0c-08dc-449543874779/source/170x170bb.jpg','https://is4-ssl.mzstatic.com/image/thumb/Music118/v4/0d/38/d6/0d38d603-fe6d-9e0c-08dc-449543874779/source/170x170bb.jpg'),(214,'Finding Mastery: Conversations with Michael Gervais','Michael Gervais',36,'https://is1-ssl.mzstatic.com/image/thumb/Music128/v4/cb/37/98/cb3798ed-ab7c-6540-b290-3b8ccd2f3cfc/source/170x170bb.jpg','https://is1-ssl.mzstatic.com/image/thumb/Music128/v4/cb/37/98/cb3798ed-ab7c-6540-b290-3b8ccd2f3cfc/source/170x170bb.jpg'),(215,'Heavyweight','Gimlet Media',3,'https://is5-ssl.mzstatic.com/image/thumb/Music128/v4/52/f6/0b/52f60b1f-b5c8-cd18-e778-90e43a638e7b/source/170x170bb.jpg','https://is5-ssl.mzstatic.com/image/thumb/Music128/v4/52/f6/0b/52f60b1f-b5c8-cd18-e778-90e43a638e7b/source/170x170bb.jpg'),(216,'Tempest','Jalopnik',3,'https://is5-ssl.mzstatic.com/image/thumb/Music128/v4/3d/bf/6e/3dbf6e36-4ad2-8a5d-c425-54fabb4925f2/source/170x170bb.jpg','https://is5-ssl.mzstatic.com/image/thumb/Music128/v4/3d/bf/6e/3dbf6e36-4ad2-8a5d-c425-54fabb4925f2/source/170x170bb.jpg'),(217,'Bruce Lee Podcast','Shannon Lee',43,'https://is1-ssl.mzstatic.com/image/thumb/Music118/v4/d2/b4/e2/d2b4e286-7aad-6c5e-54e7-cfc64bf4d4d9/source/170x170bb.jpg','https://is1-ssl.mzstatic.com/image/thumb/Music118/v4/d2/b4/e2/d2b4e286-7aad-6c5e-54e7-cfc64bf4d4d9/source/170x170bb.jpg'),(218,'Bryony Gordons Mad World','The Telegraph',36,'https://is1-ssl.mzstatic.com/image/thumb/Music128/v4/da/f2/02/daf202e0-e1d9-b6b5-5baa-698f827e7d89/source/170x170bb.jpg','https://is1-ssl.mzstatic.com/image/thumb/Music128/v4/da/f2/02/daf202e0-e1d9-b6b5-5baa-698f827e7d89/source/170x170bb.jpg'),(219,'The Daily Zeitgeist','HowStuffWorks',5,'https://is3-ssl.mzstatic.com/image/thumb/Music118/v4/37/9a/8c/379a8cc7-248f-70df-c16f-da69cd2c7388/source/170x170bb.jpg','https://is3-ssl.mzstatic.com/image/thumb/Music118/v4/37/9a/8c/379a8cc7-248f-70df-c16f-da69cd2c7388/source/170x170bb.jpg'),(220,'PODSHIP EARTH','Jared Blumenfeld',42,'https://is4-ssl.mzstatic.com/image/thumb/Music118/v4/50/a7/d6/50a7d648-c46f-89ac-0cda-9d138f0d3a0a/source/170x170bb.jpg','https://is4-ssl.mzstatic.com/image/thumb/Music118/v4/50/a7/d6/50a7d648-c46f-89ac-0cda-9d138f0d3a0a/source/170x170bb.jpg'),(221,'Never Not Funny: The Jimmy Pardo Podcast','Earwolf',4,'https://is1-ssl.mzstatic.com/image/thumb/Music118/v4/51/6d/03/516d03cb-89b3-d6e7-8651-ba754820cf1c/source/170x170bb.jpg','https://is1-ssl.mzstatic.com/image/thumb/Music118/v4/51/6d/03/516d03cb-89b3-d6e7-8651-ba754820cf1c/source/170x170bb.jpg'),(222,'Order 9066','American Public Media',3,'https://is4-ssl.mzstatic.com/image/thumb/Music128/v4/bd/3d/17/bd3d174a-b3eb-790a-2fa8-de4cc630d15e/source/170x170bb.jpg','https://is4-ssl.mzstatic.com/image/thumb/Music128/v4/bd/3d/17/bd3d174a-b3eb-790a-2fa8-de4cc630d15e/source/170x170bb.jpg'),(223,'\"Walking The Floor\" with Chris Shiflett','Chris Shiflett',18,'https://is3-ssl.mzstatic.com/image/thumb/Music62/v4/5c/b3/2f/5cb32fc7-785a-199d-f02f-d1bdad561351/source/170x170bb.jpg','https://is3-ssl.mzstatic.com/image/thumb/Music62/v4/5c/b3/2f/5cb32fc7-785a-199d-f02f-d1bdad561351/source/170x170bb.jpg'),(224,'Steal the Stars','Macmillan Publishers',23,'https://is2-ssl.mzstatic.com/image/thumb/Music128/v4/b2/ab/d1/b2abd1c7-2804-0dc4-d512-4666cd05750f/source/170x170bb.jpg','https://is2-ssl.mzstatic.com/image/thumb/Music128/v4/b2/ab/d1/b2abd1c7-2804-0dc4-d512-4666cd05750f/source/170x170bb.jpg'),(225,'American History Tellers','Wondery',10,'https://is3-ssl.mzstatic.com/image/thumb/Music118/v4/d0/6c/21/d06c210d-8c21-b377-50a8-5342082731fc/source/170x170bb.jpg','https://is3-ssl.mzstatic.com/image/thumb/Music118/v4/d0/6c/21/d06c210d-8c21-b377-50a8-5342082731fc/source/170x170bb.jpg'),(226,'Children of Song','FOX News Channel',18,'https://is2-ssl.mzstatic.com/image/thumb/Music118/v4/66/b7/8f/66b78fab-0f29-ad15-7543-5cd91ca20029/source/170x170bb.jpg','https://is2-ssl.mzstatic.com/image/thumb/Music118/v4/66/b7/8f/66b78fab-0f29-ad15-7543-5cd91ca20029/source/170x170bb.jpg'),(227,'Omnibus','HowStuffWorks',10,'https://is3-ssl.mzstatic.com/image/thumb/Music128/v4/ac/fd/26/acfd26c2-816e-9ec8-47ea-3bbfbf17e7ff/source/170x170bb.jpg','https://is3-ssl.mzstatic.com/image/thumb/Music128/v4/ac/fd/26/acfd26c2-816e-9ec8-47ea-3bbfbf17e7ff/source/170x170bb.jpg'),(228,'About Last Night','Brad Williams & Adam Ray',4,'https://is1-ssl.mzstatic.com/image/thumb/Music127/v4/2a/09/20/2a0920f5-4157-6759-c710-7542900687f6/source/170x170bb.jpg','https://is1-ssl.mzstatic.com/image/thumb/Music127/v4/2a/09/20/2a0920f5-4157-6759-c710-7542900687f6/source/170x170bb.jpg'),(229,'The Frame','89.3 KPCC',6,'https://is4-ssl.mzstatic.com/image/thumb/Music118/v4/2e/2a/eb/2e2aeb0e-8df2-87f8-6195-d90d4b6743e5/source/170x170bb.jpg','https://is4-ssl.mzstatic.com/image/thumb/Music118/v4/2e/2a/eb/2e2aeb0e-8df2-87f8-6195-d90d4b6743e5/source/170x170bb.jpg'),(230,'Huey: Off The Record','Huey Morgan',4,'https://is5-ssl.mzstatic.com/image/thumb/Music118/v4/f5/08/3e/f5083efa-a958-0111-2902-3c352a710a54/source/170x170bb.jpg','https://is5-ssl.mzstatic.com/image/thumb/Music118/v4/f5/08/3e/f5083efa-a958-0111-2902-3c352a710a54/source/170x170bb.jpg'),(231,'Women Of The Hour','Lena Dunham',15,'https://is1-ssl.mzstatic.com/image/thumb/Music71/v4/e0/28/a6/e028a662-8d5c-75c3-b71d-b58d692e8aa8/source/170x170bb.jpg','https://is1-ssl.mzstatic.com/image/thumb/Music71/v4/e0/28/a6/e028a662-8d5c-75c3-b71d-b58d692e8aa8/source/170x170bb.jpg'),(232,'The Thread With OZY','OZY',10,'https://is3-ssl.mzstatic.com/image/thumb/Music128/v4/6a/fc/4c/6afc4ca9-913b-77b8-57a8-0d6607c14367/source/170x170bb.jpg','https://is3-ssl.mzstatic.com/image/thumb/Music128/v4/6a/fc/4c/6afc4ca9-913b-77b8-57a8-0d6607c14367/source/170x170bb.jpg'),(233,'Nerdette','WBEZ',3,'https://is1-ssl.mzstatic.com/image/thumb/Music118/v4/c1/0b/7c/c10b7c33-f25b-e8de-1b0f-9c0436aa5277/source/170x170bb.jpg','https://is1-ssl.mzstatic.com/image/thumb/Music118/v4/c1/0b/7c/c10b7c33-f25b-e8de-1b0f-9c0436aa5277/source/170x170bb.jpg'),(234,'The Jonah Keri Podcast','CBS Sports',29,'https://is5-ssl.mzstatic.com/image/thumb/Music128/v4/f6/fc/25/f6fc25a3-9ea7-2ce1-c37e-24e345f2e853/source/170x170bb.jpg','https://is5-ssl.mzstatic.com/image/thumb/Music128/v4/f6/fc/25/f6fc25a3-9ea7-2ce1-c37e-24e345f2e853/source/170x170bb.jpg'),(235,'TED Radio Hour','NPR',8,'https://is3-ssl.mzstatic.com/image/thumb/Music71/v4/21/3a/3e/213a3e55-3264-653c-7fda-b8ef4dc39bbf/source/170x170bb.jpg','https://is3-ssl.mzstatic.com/image/thumb/Music71/v4/21/3a/3e/213a3e55-3264-653c-7fda-b8ef4dc39bbf/source/170x170bb.jpg'),(236,'NPR Politics Podcast','NPR',5,'https://is4-ssl.mzstatic.com/image/thumb/Music118/v4/8c/c6/9c/8cc69c5e-9e59-5fba-8c1f-1f17d6a1f083/source/170x170bb.jpg','https://is4-ssl.mzstatic.com/image/thumb/Music118/v4/8c/c6/9c/8cc69c5e-9e59-5fba-8c1f-1f17d6a1f083/source/170x170bb.jpg'),(237,'Yes','Girl!',44,'https://is3-ssl.mzstatic.com/image/thumb/Music122/v4/07/ae/eb/07aeeb2c-997a-5ac4-e59d-4e529d2775b8/source/170x170bb.jpg','https://is3-ssl.mzstatic.com/image/thumb/Music122/v4/07/ae/eb/07aeeb2c-997a-5ac4-e59d-4e529d2775b8/source/170x170bb.jpg'),(238,'Special Event: Wonder Woman','Events at the Apple Store',6,'https://is2-ssl.mzstatic.com/image/thumb/Music128/v4/11/69/1c/11691c4a-206b-08fc-2427-e407579209db/source/170x170bb.jpg','https://is2-ssl.mzstatic.com/image/thumb/Music128/v4/11/69/1c/11691c4a-206b-08fc-2427-e407579209db/source/170x170bb.jpg'),(239,'The Savvy Psychologists Quick and Dirty Tips for Better Mental Health','Quick and Dirty Tips',14,'https://is1-ssl.mzstatic.com/image/thumb/Music128/v4/06/9e/aa/069eaa9b-5f20-c627-9557-f0235c824ee2/source/170x170bb.jpg','https://is1-ssl.mzstatic.com/image/thumb/Music128/v4/06/9e/aa/069eaa9b-5f20-c627-9557-f0235c824ee2/source/170x170bb.jpg'),(240,'The Binge','Mamamia',6,'https://is1-ssl.mzstatic.com/image/thumb/Music118/v4/5f/76/29/5f7629f0-c330-b9e7-58ad-542e918175a2/source/170x170bb.jpg','https://is1-ssl.mzstatic.com/image/thumb/Music118/v4/5f/76/29/5f7629f0-c330-b9e7-58ad-542e918175a2/source/170x170bb.jpg'),(241,'World News Tonight with David Muir','ABC News',5,'https://is1-ssl.mzstatic.com/image/thumb/Music69/v4/45/4d/33/454d3322-fe2a-58fc-1649-fed9c5776b0a/source/170x170bb.jpg','https://is1-ssl.mzstatic.com/image/thumb/Music69/v4/45/4d/33/454d3322-fe2a-58fc-1649-fed9c5776b0a/source/170x170bb.jpg'),(242,'Not Too Deep with Grace Helbig','Grace Helbig and Jack Ferry',4,'https://is2-ssl.mzstatic.com/image/thumb/Music62/v4/a9/64/20/a964203f-bf89-72c8-4da2-21124ef8d2ac/source/170x170bb.jpg','https://is2-ssl.mzstatic.com/image/thumb/Music62/v4/a9/64/20/a964203f-bf89-72c8-4da2-21124ef8d2ac/source/170x170bb.jpg'),(243,'No Limits with Rebecca Jarvis','ABC News',9,'https://is5-ssl.mzstatic.com/image/thumb/Music128/v4/7d/33/2c/7d332ce1-49a4-3416-84a6-dfb9aead5b2a/source/170x170bb.jpg','https://is5-ssl.mzstatic.com/image/thumb/Music128/v4/7d/33/2c/7d332ce1-49a4-3416-84a6-dfb9aead5b2a/source/170x170bb.jpg'),(244,'improv4humans with Matt Besser','Earwolf',4,'https://is5-ssl.mzstatic.com/image/thumb/Music111/v4/2e/b0/6a/2eb06a58-6359-5742-1311-29d11e31f2c3/source/170x170bb.jpg','https://is5-ssl.mzstatic.com/image/thumb/Music111/v4/2e/b0/6a/2eb06a58-6359-5742-1311-29d11e31f2c3/source/170x170bb.jpg'),(245,'The Bill Simmons Podcast','The Ringer',29,'https://is5-ssl.mzstatic.com/image/thumb/Music128/v4/f1/58/54/f1585432-c302-0752-bfcb-a28b0524071e/source/170x170bb.jpg','https://is5-ssl.mzstatic.com/image/thumb/Music128/v4/f1/58/54/f1585432-c302-0752-bfcb-a28b0524071e/source/170x170bb.jpg'),(246,'Boss Files with Poppy Harlow','CNN',16,'https://is1-ssl.mzstatic.com/image/thumb/Music128/v4/af/19/8a/af198a58-9559-db19-c32c-ef37340da915/source/170x170bb.jpg','https://is1-ssl.mzstatic.com/image/thumb/Music128/v4/af/19/8a/af198a58-9559-db19-c32c-ef37340da915/source/170x170bb.jpg'),(247,'Open For Business','eBay / Gimlet Creative',46,'https://is2-ssl.mzstatic.com/image/thumb/Music62/v4/66/f2/ab/66f2abe0-da41-9195-8b16-5195cef73e4a/source/170x170bb.jpg','https://is2-ssl.mzstatic.com/image/thumb/Music62/v4/66/f2/ab/66f2abe0-da41-9195-8b16-5195cef73e4a/source/170x170bb.jpg'),(248,'Jocko Podcast','Jocko Willink and Echo Charles',47,'https://is3-ssl.mzstatic.com/image/thumb/Music128/v4/ae/58/21/ae582122-9e89-b8af-9526-ada4ff2b7356/source/170x170bb.jpg','https://is3-ssl.mzstatic.com/image/thumb/Music128/v4/ae/58/21/ae582122-9e89-b8af-9526-ada4ff2b7356/source/170x170bb.jpg'),(249,'Mental Illness Happy Hour','Paul Gilmartin',14,'https://is2-ssl.mzstatic.com/image/thumb/Music128/v4/37/dd/b5/37ddb5d3-2c6b-b1d0-3053-14ceea72acd1/source/170x170bb.jpg','https://is2-ssl.mzstatic.com/image/thumb/Music128/v4/37/dd/b5/37ddb5d3-2c6b-b1d0-3053-14ceea72acd1/source/170x170bb.jpg'),(250,'The Impact','Vox',5,'https://is4-ssl.mzstatic.com/image/thumb/Music118/v4/6a/b1/0a/6ab10af7-8fb9-30af-d893-b516d3871b08/source/170x170bb.jpg','https://is4-ssl.mzstatic.com/image/thumb/Music118/v4/6a/b1/0a/6ab10af7-8fb9-30af-d893-b516d3871b08/source/170x170bb.jpg'),(251,'Late Night with Seth Meyers Podcast','NBC',4,'https://is2-ssl.mzstatic.com/image/thumb/Music118/v4/23/68/bb/2368bb16-1ace-ad0a-4b97-fd55ea97acf8/source/170x170bb.jpg','https://is2-ssl.mzstatic.com/image/thumb/Music118/v4/23/68/bb/2368bb16-1ace-ad0a-4b97-fd55ea97acf8/source/170x170bb.jpg'),(252,'Why We Eat What We Eat','Blue Apron / Gimlet Creative',31,'https://is5-ssl.mzstatic.com/image/thumb/Music128/v4/9d/09/c4/9d09c448-f607-e0b9-5c89-68ff2cf456d7/source/170x170bb.jpg','https://is5-ssl.mzstatic.com/image/thumb/Music128/v4/9d/09/c4/9d09c448-f607-e0b9-5c89-68ff2cf456d7/source/170x170bb.jpg'),(253,'Revisionist History','Panoply',3,'https://is5-ssl.mzstatic.com/image/thumb/Music111/v4/50/ca/2a/50ca2a29-7c76-85ce-683b-ef0c505a7a14/source/170x170bb.jpg','https://is5-ssl.mzstatic.com/image/thumb/Music111/v4/50/ca/2a/50ca2a29-7c76-85ce-683b-ef0c505a7a14/source/170x170bb.jpg'),(254,'A Murder On Orchard Street','ABC News',5,'https://is2-ssl.mzstatic.com/image/thumb/Music118/v4/1f/48/54/1f4854c5-fe3e-6814-df8b-323a0d34230d/source/170x170bb.jpg','https://is2-ssl.mzstatic.com/image/thumb/Music118/v4/1f/48/54/1f4854c5-fe3e-6814-df8b-323a0d34230d/source/170x170bb.jpg'),(255,'The West Wing Weekly','Radiotopia',6,'https://is1-ssl.mzstatic.com/image/thumb/Music62/v4/c1/42/37/c14237af-627a-f5b4-6b77-caf07e13c3b6/source/170x170bb.jpg','https://is1-ssl.mzstatic.com/image/thumb/Music62/v4/c1/42/37/c14237af-627a-f5b4-6b77-caf07e13c3b6/source/170x170bb.jpg'),(256,'The Recappables','The Ringer',6,'https://is4-ssl.mzstatic.com/image/thumb/Music128/v4/87/43/20/87432014-2bfa-efaf-5f6e-998ae997c350/source/170x170bb.jpg','https://is4-ssl.mzstatic.com/image/thumb/Music128/v4/87/43/20/87432014-2bfa-efaf-5f6e-998ae997c350/source/170x170bb.jpg'),(257,'DDx','Figure 1',48,'https://is1-ssl.mzstatic.com/image/thumb/Music62/v4/87/4f/8a/874f8a5d-5ae5-ee7f-9399-79425815d1cd/source/170x170bb.jpg','https://is1-ssl.mzstatic.com/image/thumb/Music62/v4/87/4f/8a/874f8a5d-5ae5-ee7f-9399-79425815d1cd/source/170x170bb.jpg'),(258,'Everybodys Got Something','ABC News',3,'https://is1-ssl.mzstatic.com/image/thumb/Music127/v4/25/ef/3c/25ef3cb2-5b47-3fdc-62ad-1641060bb1f1/source/170x170bb.jpg','https://is1-ssl.mzstatic.com/image/thumb/Music127/v4/25/ef/3c/25ef3cb2-5b47-3fdc-62ad-1641060bb1f1/source/170x170bb.jpg'),(259,'Endless Thread','WBUR',3,'https://is2-ssl.mzstatic.com/image/thumb/Music118/v4/fe/4e/31/fe4e31a2-defa-4b60-5ad3-99770880ae04/source/170x170bb.jpg','https://is2-ssl.mzstatic.com/image/thumb/Music118/v4/fe/4e/31/fe4e31a2-defa-4b60-5ad3-99770880ae04/source/170x170bb.jpg'),(260,'Wow in the World','NPR',13,'https://is3-ssl.mzstatic.com/image/thumb/Music117/v4/c5/c2/72/c5c27211-b647-d542-f39c-318a71cf4905/source/170x170bb.jpg','https://is3-ssl.mzstatic.com/image/thumb/Music117/v4/c5/c2/72/c5c27211-b647-d542-f39c-318a71cf4905/source/170x170bb.jpg'),(261,'Talking Buster Keaton','The Talking Buster Keaton Podcasters',6,'https://is1-ssl.mzstatic.com/image/thumb/Music118/v4/87/61/db/8761db19-8e86-0bea-976b-96024c744462/source/170x170bb.jpg','https://is1-ssl.mzstatic.com/image/thumb/Music118/v4/87/61/db/8761db19-8e86-0bea-976b-96024c744462/source/170x170bb.jpg'),(262,'Challenge Your Thinking with Dr. Linda Tucker','Dr. Linda Tucker',14,'https://is5-ssl.mzstatic.com/image/thumb/Music128/v4/17/55/bc/1755bc83-0677-4653-6d5c-e55f6ed61eec/source/170x170bb.jpg','https://is5-ssl.mzstatic.com/image/thumb/Music128/v4/17/55/bc/1755bc83-0677-4653-6d5c-e55f6ed61eec/source/170x170bb.jpg'),(263,'LBJs War','PRI',10,'https://is4-ssl.mzstatic.com/image/thumb/Music118/v4/81/c8/fe/81c8fe2f-a93b-4bdd-7ee4-a5ddc9ae2814/source/170x170bb.jpg','https://is4-ssl.mzstatic.com/image/thumb/Music118/v4/81/c8/fe/81c8fe2f-a93b-4bdd-7ee4-a5ddc9ae2814/source/170x170bb.jpg'),(264,'Truth & Iliza','Iliza Shlesinger',4,'https://is1-ssl.mzstatic.com/image/thumb/Music71/v4/8d/ac/7c/8dac7cd5-abd1-f460-3052-60971a4fd8cf/source/170x170bb.jpg','https://is1-ssl.mzstatic.com/image/thumb/Music71/v4/8d/ac/7c/8dac7cd5-abd1-f460-3052-60971a4fd8cf/source/170x170bb.jpg'),(265,'Hackable?','McAfee',7,'https://is1-ssl.mzstatic.com/image/thumb/Music128/v4/75/af/a9/75afa9c2-237d-4d4b-cb7b-58d7d449581c/source/170x170bb.jpg','https://is1-ssl.mzstatic.com/image/thumb/Music128/v4/75/af/a9/75afa9c2-237d-4d4b-cb7b-58d7d449581c/source/170x170bb.jpg'),(266,'Accused','Wondery',5,'https://is3-ssl.mzstatic.com/image/thumb/Music118/v4/a7/f1/ed/a7f1ed07-66e8-2c12-b400-7df6df9d507f/source/170x170bb.jpg','https://is3-ssl.mzstatic.com/image/thumb/Music118/v4/a7/f1/ed/a7f1ed07-66e8-2c12-b400-7df6df9d507f/source/170x170bb.jpg'),(267,'Alison Rosen Is Your New Best Friend','Alison Rosen',4,'https://is4-ssl.mzstatic.com/image/thumb/Music62/v4/aa/b7/2e/aab72edd-6b4c-d835-24bc-e201a3596736/source/170x170bb.jpg','https://is4-ssl.mzstatic.com/image/thumb/Music62/v4/aa/b7/2e/aab72edd-6b4c-d835-24bc-e201a3596736/source/170x170bb.jpg'),(268,'LIFT EVERY VOICE','U.S. Senator Cory Booker',35,'https://is3-ssl.mzstatic.com/image/thumb/Music128/v4/08/58/3a/08583a04-124b-7b04-244a-462da8e8b7f9/source/170x170bb.jpg','https://is3-ssl.mzstatic.com/image/thumb/Music128/v4/08/58/3a/08583a04-124b-7b04-244a-462da8e8b7f9/source/170x170bb.jpg'),(269,'Side Hustle Pro: Women Entrepreneurs | Black Women Business Owners | Side Hustle Show','Nicaila Matthews Okome',47,'https://is5-ssl.mzstatic.com/image/thumb/Music62/v4/79/34/69/793469ef-2930-8b5c-5fae-d9596c9ec5e1/source/170x170bb.jpg','https://is5-ssl.mzstatic.com/image/thumb/Music62/v4/79/34/69/793469ef-2930-8b5c-5fae-d9596c9ec5e1/source/170x170bb.jpg'),(270,'The Bugle','Radiotopia',4,'https://is1-ssl.mzstatic.com/image/thumb/Music71/v4/c5/22/e4/c522e46f-c23c-966d-2407-55acc1123863/source/170x170bb.jpg','https://is1-ssl.mzstatic.com/image/thumb/Music71/v4/c5/22/e4/c522e46f-c23c-966d-2407-55acc1123863/source/170x170bb.jpg'),(271,'The Atlantic Interview','The Atlantic',3,'https://is2-ssl.mzstatic.com/image/thumb/Music118/v4/ba/57/19/ba571980-a1b6-c16e-19e6-a4fbf19a17c6/source/170x170bb.jpg','https://is2-ssl.mzstatic.com/image/thumb/Music118/v4/ba/57/19/ba571980-a1b6-c16e-19e6-a4fbf19a17c6/source/170x170bb.jpg'),(272,'Soundtracking with Edith Bowman','audioBoom',6,'https://is1-ssl.mzstatic.com/image/thumb/Music117/v4/d1/48/2b/d1482b6f-d432-d840-c89d-0f4cd69c8d54/source/170x170bb.jpg','https://is1-ssl.mzstatic.com/image/thumb/Music117/v4/d1/48/2b/d1482b6f-d432-d840-c89d-0f4cd69c8d54/source/170x170bb.jpg'),(273,'The Solid Verbal: Living College Football','College Football',49,'https://is1-ssl.mzstatic.com/image/thumb/Music118/v4/76/ce/5f/76ce5f14-f615-b6d1-b855-fc9011f7b274/source/170x170bb.jpg','https://is1-ssl.mzstatic.com/image/thumb/Music118/v4/76/ce/5f/76ce5f14-f615-b6d1-b855-fc9011f7b274/source/170x170bb.jpg'),(274,'Politics Politics Politics','Justin Robert Young',5,'https://is4-ssl.mzstatic.com/image/thumb/Music128/v4/4d/a8/0a/4da80a55-a8bf-5ac7-499e-f23e1a4d8cbe/source/170x170bb.jpg','https://is4-ssl.mzstatic.com/image/thumb/Music128/v4/4d/a8/0a/4da80a55-a8bf-5ac7-499e-f23e1a4d8cbe/source/170x170bb.jpg'),(275,'Casefile True Crime','Casefile True Crime',10,'https://is1-ssl.mzstatic.com/image/thumb/Music128/v4/02/ac/f7/02acf775-63c3-803f-90bb-46ea919029a4/source/170x170bb.jpg','https://is1-ssl.mzstatic.com/image/thumb/Music128/v4/02/ac/f7/02acf775-63c3-803f-90bb-46ea919029a4/source/170x170bb.jpg'),(276,'Sounds of the Trail','Sounds of the Trail',17,'https://is5-ssl.mzstatic.com/image/thumb/Music71/v4/23/aa/16/23aa16b0-48c3-607d-424a-22305fc6088c/source/170x170bb.jpg','https://is5-ssl.mzstatic.com/image/thumb/Music71/v4/23/aa/16/23aa16b0-48c3-607d-424a-22305fc6088c/source/170x170bb.jpg'),(277,'Hard Nation','Earwolf',4,'https://is2-ssl.mzstatic.com/image/thumb/Music118/v4/7c/92/15/7c92153e-cfb0-50ae-ae14-e2c18d0a4b83/source/170x170bb.jpg','https://is2-ssl.mzstatic.com/image/thumb/Music118/v4/7c/92/15/7c92153e-cfb0-50ae-ae14-e2c18d0a4b83/source/170x170bb.jpg'),(278,'The Deep Vault','Dead Signals',22,'https://is4-ssl.mzstatic.com/image/thumb/Music71/v4/79/6c/96/796c960b-2373-d1a9-f641-f2e06431f251/source/170x170bb.jpg','https://is4-ssl.mzstatic.com/image/thumb/Music71/v4/79/6c/96/796c960b-2373-d1a9-f641-f2e06431f251/source/170x170bb.jpg'),(279,'Stuff You Should Know','HowStuffWorks',3,'https://is4-ssl.mzstatic.com/image/thumb/Music118/v4/2c/fc/c1/2cfcc1e9-2e6f-63ad-00f8-5d0fc2944504/source/170x170bb.jpg','https://is4-ssl.mzstatic.com/image/thumb/Music118/v4/2c/fc/c1/2cfcc1e9-2e6f-63ad-00f8-5d0fc2944504/source/170x170bb.jpg'),(280,'Invisibilia','NPR',42,'https://is5-ssl.mzstatic.com/image/thumb/Music62/v4/f9/5a/c6/f95ac62d-accd-4228-d8f2-f5559f31bb69/source/170x170bb.jpg','https://is5-ssl.mzstatic.com/image/thumb/Music62/v4/f9/5a/c6/f95ac62d-accd-4228-d8f2-f5559f31bb69/source/170x170bb.jpg'),(281,'iTunes Store','NULL',11,'NULL','NULL'),(282,'Dirty John','Wondery',15,'https://is4-ssl.mzstatic.com/image/thumb/Music118/v4/0e/e6/fa/0ee6fa69-3e9f-5958-6ed4-99a37f0ad883/source/170x170bb.jpg','https://is4-ssl.mzstatic.com/image/thumb/Music118/v4/0e/e6/fa/0ee6fa69-3e9f-5958-6ed4-99a37f0ad883/source/170x170bb.jpg'),(283,'The Old Ones with Mike Birbiglia','Mike Birbiglia',4,'https://is4-ssl.mzstatic.com/image/thumb/Music118/v4/98/13/e3/9813e3f0-dce2-c10b-2594-0b18916d9894/source/170x170bb.jpg','https://is4-ssl.mzstatic.com/image/thumb/Music118/v4/98/13/e3/9813e3f0-dce2-c10b-2594-0b18916d9894/source/170x170bb.jpg'),(284,'Listen Out Loud with The Loud House','Nickelodeon',13,'https://is4-ssl.mzstatic.com/image/thumb/Music118/v4/2d/c0/8c/2dc08ce0-74c1-38d4-a609-7e935572627f/source/170x170bb.jpg','https://is4-ssl.mzstatic.com/image/thumb/Music118/v4/2d/c0/8c/2dc08ce0-74c1-38d4-a609-7e935572627f/source/170x170bb.jpg'),(285,'Longform','Longform',5,'https://is4-ssl.mzstatic.com/image/thumb/Music62/v4/ea/de/7e/eade7eb6-a761-906f-d96f-1ac1e1becfd8/source/170x170bb.jpg','https://is4-ssl.mzstatic.com/image/thumb/Music62/v4/ea/de/7e/eade7eb6-a761-906f-d96f-1ac1e1becfd8/source/170x170bb.jpg'),(286,'Nancy','WNYC',3,'https://is2-ssl.mzstatic.com/image/thumb/Music128/v4/86/9b/51/869b51d4-510d-84b8-0be8-0a86307c8bf9/source/170x170bb.jpg','https://is2-ssl.mzstatic.com/image/thumb/Music128/v4/86/9b/51/869b51d4-510d-84b8-0be8-0a86307c8bf9/source/170x170bb.jpg'),(287,'Sincerely','X',50,'https://is1-ssl.mzstatic.com/image/thumb/Music118/v4/18/c4/2f/18c42ff3-abd2-9755-c955-9239fd1e5393/source/170x170bb.jpg','https://is1-ssl.mzstatic.com/image/thumb/Music118/v4/18/c4/2f/18c42ff3-abd2-9755-c955-9239fd1e5393/source/170x170bb.jpg'),(288,'Song Exploder','Radiotopia',18,'https://is3-ssl.mzstatic.com/image/thumb/Music128/v4/9e/28/35/9e283594-80c0-8cd2-d160-3346796d2ea7/source/170x170bb.jpg','https://is3-ssl.mzstatic.com/image/thumb/Music128/v4/9e/28/35/9e283594-80c0-8cd2-d160-3346796d2ea7/source/170x170bb.jpg'),(289,'Bronzeville','AudioHQ',23,'https://is2-ssl.mzstatic.com/image/thumb/Music111/v4/f3/64/70/f3647093-94b4-323c-2272-f12545f39541/source/170x170bb.jpg','https://is2-ssl.mzstatic.com/image/thumb/Music111/v4/f3/64/70/f3647093-94b4-323c-2272-f12545f39541/source/170x170bb.jpg'),(290,'Skip and Shannon: Undisputed','FOX Sports',29,'https://is4-ssl.mzstatic.com/image/thumb/Music71/v4/ad/fb/24/adfb243d-6369-8b0d-9c23-6c201c15f6ad/source/170x170bb.jpg','https://is4-ssl.mzstatic.com/image/thumb/Music71/v4/ad/fb/24/adfb243d-6369-8b0d-9c23-6c201c15f6ad/source/170x170bb.jpg'),(291,'Office Hours with Spencer Rascoff','PodcastOne',47,'https://is5-ssl.mzstatic.com/image/thumb/Music62/v4/33/d6/c0/33d6c04f-38b5-b228-ef51-00d044d24639/source/170x170bb.jpg','https://is5-ssl.mzstatic.com/image/thumb/Music62/v4/33/d6/c0/33d6c04f-38b5-b228-ef51-00d044d24639/source/170x170bb.jpg'),(292,'Crooked Conversations','Crooked Media',5,'https://is5-ssl.mzstatic.com/image/thumb/Music62/v4/d5/cb/3f/d5cb3ff4-f25d-ed01-ae85-19c04d00848a/source/170x170bb.jpg','https://is5-ssl.mzstatic.com/image/thumb/Music62/v4/d5/cb/3f/d5cb3ff4-f25d-ed01-ae85-19c04d00848a/source/170x170bb.jpg'),(293,'Movie Crush','HowStuffWorks',6,'https://is1-ssl.mzstatic.com/image/thumb/Music128/v4/dc/71/a9/dc71a97e-43b2-990b-9b43-4c99b0227571/source/170x170bb.jpg','https://is1-ssl.mzstatic.com/image/thumb/Music128/v4/dc/71/a9/dc71a97e-43b2-990b-9b43-4c99b0227571/source/170x170bb.jpg'),(294,'The Untold','BBC',15,'https://is3-ssl.mzstatic.com/image/thumb/Music62/v4/7e/8e/a5/7e8ea54c-c889-ce6d-925d-50cef8bef356/source/170x170bb.jpg','https://is3-ssl.mzstatic.com/image/thumb/Music62/v4/7e/8e/a5/7e8ea54c-c889-ce6d-925d-50cef8bef356/source/170x170bb.jpg'),(295,'Masters of Scale with Reid Hoffman','WaitWhat',16,'https://is2-ssl.mzstatic.com/image/thumb/Music128/v4/b1/6d/46/b16d46ce-b7ab-2276-a928-9742d976027d/source/170x170bb.jpg','https://is2-ssl.mzstatic.com/image/thumb/Music128/v4/b1/6d/46/b16d46ce-b7ab-2276-a928-9742d976027d/source/170x170bb.jpg'),(296,'Made Of Human with Sofie Hagen','Sofie Hagen',4,'https://is3-ssl.mzstatic.com/image/thumb/Music71/v4/56/3f/82/563f8248-9a08-4bc7-3dcc-41de5fd6216b/source/170x170bb.jpg','https://is3-ssl.mzstatic.com/image/thumb/Music71/v4/56/3f/82/563f8248-9a08-4bc7-3dcc-41de5fd6216b/source/170x170bb.jpg'),(297,'WorkLife with Adam Grant','TED Talks',16,'https://is3-ssl.mzstatic.com/image/thumb/Music118/v4/09/ba/68/09ba6829-2035-a277-9d3f-3a704033f71a/source/170x170bb.jpg','https://is3-ssl.mzstatic.com/image/thumb/Music118/v4/09/ba/68/09ba6829-2035-a277-9d3f-3a704033f71a/source/170x170bb.jpg'),(298,'UFC Unfiltered with Jim Norton and Matt Serra','UFC',29,'https://is5-ssl.mzstatic.com/image/thumb/Music62/v4/4f/59/47/4f594787-e6a3-74b6-da34-d0ac330b4c8f/source/170x170bb.jpg','https://is5-ssl.mzstatic.com/image/thumb/Music62/v4/4f/59/47/4f594787-e6a3-74b6-da34-d0ac330b4c8f/source/170x170bb.jpg'),(299,'The Cleansed: A Post-Apocalyptic Saga','FinalRune Productions / Wondery',23,'https://is5-ssl.mzstatic.com/image/thumb/Music62/v4/5f/62/70/5f62706a-eb14-db26-2f85-02762959a02b/source/170x170bb.jpg','https://is5-ssl.mzstatic.com/image/thumb/Music62/v4/5f/62/70/5f62706a-eb14-db26-2f85-02762959a02b/source/170x170bb.jpg'),(300,'Intercepted with Jeremy Scahill','The Intercept',5,'https://is2-ssl.mzstatic.com/image/thumb/Music122/v4/44/9e/b0/449eb07f-c748-2966-2b07-d0571d3cadbc/source/170x170bb.jpg','https://is2-ssl.mzstatic.com/image/thumb/Music122/v4/44/9e/b0/449eb07f-c748-2966-2b07-d0571d3cadbc/source/170x170bb.jpg'),(301,'The Daily Show With Trevor Noah: Ears Edition','Comedy Central',4,'https://is5-ssl.mzstatic.com/image/thumb/Music118/v4/56/58/91/56589139-a638-36af-8d09-422647b0d323/source/170x170bb.jpg','https://is5-ssl.mzstatic.com/image/thumb/Music118/v4/56/58/91/56589139-a638-36af-8d09-422647b0d323/source/170x170bb.jpg'),(302,'Good Night Stories for Rebel Girls','Timbuktu Labs',27,'https://is4-ssl.mzstatic.com/image/thumb/Music118/v4/dd/e5/f6/dde5f6a2-ab1b-983c-1f4c-e9842a82e17e/source/170x170bb.jpg','https://is4-ssl.mzstatic.com/image/thumb/Music118/v4/dd/e5/f6/dde5f6a2-ab1b-983c-1f4c-e9842a82e17e/source/170x170bb.jpg'),(303,'Game Plan','Bloomberg',3,'https://is4-ssl.mzstatic.com/image/thumb/Music71/v4/4c/f7/46/4cf7467c-c906-a2fd-fc58-6dc8f1f4d0f3/source/170x170bb.jpg','https://is4-ssl.mzstatic.com/image/thumb/Music71/v4/4c/f7/46/4cf7467c-c906-a2fd-fc58-6dc8f1f4d0f3/source/170x170bb.jpg'),(304,'Deadly Manners','The Paragon Collective',23,'https://is3-ssl.mzstatic.com/image/thumb/Music128/v4/bf/28/e7/bf28e70e-8f5a-3f73-cf49-b108b8408183/source/170x170bb.jpg','https://is3-ssl.mzstatic.com/image/thumb/Music128/v4/bf/28/e7/bf28e70e-8f5a-3f73-cf49-b108b8408183/source/170x170bb.jpg'),(305,'Women in Tech Podcast','hosted by Espree Devora',51,'https://is2-ssl.mzstatic.com/image/thumb/Music128/v4/d0/67/e5/d067e536-d420-10ce-87e4-6ab912dcb270/source/170x170bb.jpg','https://is2-ssl.mzstatic.com/image/thumb/Music128/v4/d0/67/e5/d067e536-d420-10ce-87e4-6ab912dcb270/source/170x170bb.jpg'),(306,'TANIS','Pacific Northwest Stories',23,'https://is3-ssl.mzstatic.com/image/thumb/Music128/v4/06/df/06/06df068f-fd5c-e297-7acd-a3c4a18fc099/source/170x170bb.jpg','https://is3-ssl.mzstatic.com/image/thumb/Music128/v4/06/df/06/06df068f-fd5c-e297-7acd-a3c4a18fc099/source/170x170bb.jpg'),(307,'Latina to Latina','Bustle',3,'https://is2-ssl.mzstatic.com/image/thumb/Music118/v4/ec/d7/a3/ecd7a333-547b-f800-3916-734d2c143782/source/170x170bb.jpg','https://is2-ssl.mzstatic.com/image/thumb/Music118/v4/ec/d7/a3/ecd7a333-547b-f800-3916-734d2c143782/source/170x170bb.jpg'),(308,'10% Happier with Dan Harris','ABC News',36,'https://is4-ssl.mzstatic.com/image/thumb/Music118/v4/20/a3/82/20a38257-5017-3c4a-9110-513e843982ed/source/170x170bb.jpg','https://is4-ssl.mzstatic.com/image/thumb/Music118/v4/20/a3/82/20a38257-5017-3c4a-9110-513e843982ed/source/170x170bb.jpg'),(309,'Letters From War','The Washington Post',10,'https://is2-ssl.mzstatic.com/image/thumb/Music118/v4/8c/9d/a4/8c9da4a3-ad21-3b00-ad8e-05def313857a/source/170x170bb.jpg','https://is2-ssl.mzstatic.com/image/thumb/Music118/v4/8c/9d/a4/8c9da4a3-ad21-3b00-ad8e-05def313857a/source/170x170bb.jpg'),(310,'Mogul: The Life and Death of Chris Lighty','Gimlet Media',18,'https://is3-ssl.mzstatic.com/image/thumb/Music128/v4/90/61/e4/9061e48b-75cf-6619-f8df-6d6a68daa377/source/170x170bb.jpg','https://is3-ssl.mzstatic.com/image/thumb/Music128/v4/90/61/e4/9061e48b-75cf-6619-f8df-6d6a68daa377/source/170x170bb.jpg'),(311,'Deliberations','audioBoom',22,'https://is5-ssl.mzstatic.com/image/thumb/Music128/v4/10/c3/4e/10c34e43-4a20-b3eb-f59c-bc35df0ca2ac/source/170x170bb.jpg','https://is5-ssl.mzstatic.com/image/thumb/Music128/v4/10/c3/4e/10c34e43-4a20-b3eb-f59c-bc35df0ca2ac/source/170x170bb.jpg'),(312,'Powerhouse Politics','ABC News',5,'https://is5-ssl.mzstatic.com/image/thumb/Music128/v4/d2/6f/8e/d26f8eb7-0d90-1489-6daf-fbc7d3e60d8c/source/170x170bb.jpg','https://is5-ssl.mzstatic.com/image/thumb/Music128/v4/d2/6f/8e/d26f8eb7-0d90-1489-6daf-fbc7d3e60d8c/source/170x170bb.jpg'),(313,'Launch','Wondery',22,'https://is2-ssl.mzstatic.com/image/thumb/Music128/v4/15/da/90/15da9080-50d8-2728-2e71-59e1a414b71b/source/170x170bb.jpg','https://is2-ssl.mzstatic.com/image/thumb/Music128/v4/15/da/90/15da9080-50d8-2728-2e71-59e1a414b71b/source/170x170bb.jpg'),(314,'Completely Optional Knowledge','Andrew Norton',24,'https://is3-ssl.mzstatic.com/image/thumb/Music62/v4/a9/dc/51/a9dc51bb-4679-983c-ba8c-defb5d793145/source/170x170bb.jpg','https://is3-ssl.mzstatic.com/image/thumb/Music62/v4/a9/dc/51/a9dc51bb-4679-983c-ba8c-defb5d793145/source/170x170bb.jpg'),(315,'Terrible','Thanks For Asking',52,'https://is4-ssl.mzstatic.com/image/thumb/Music128/v4/94/49/f3/9449f3b6-b473-44e9-ba2a-ba3f97f1495c/source/170x170bb.jpg','https://is4-ssl.mzstatic.com/image/thumb/Music128/v4/94/49/f3/9449f3b6-b473-44e9-ba2a-ba3f97f1495c/source/170x170bb.jpg'),(316,'Anna Faris Is Unqualified','Unqualified Media',4,'https://is2-ssl.mzstatic.com/image/thumb/Music127/v4/9a/53/c6/9a53c627-dbe0-b0d7-4700-772ba923e89f/source/170x170bb.jpg','https://is2-ssl.mzstatic.com/image/thumb/Music127/v4/9a/53/c6/9a53c627-dbe0-b0d7-4700-772ba923e89f/source/170x170bb.jpg'),(317,'Sight Unseen','Wondery',23,'https://is1-ssl.mzstatic.com/image/thumb/Music128/v4/cb/0e/dc/cb0edc29-c667-fae9-45a9-fb50b8e92645/source/170x170bb.jpg','https://is1-ssl.mzstatic.com/image/thumb/Music128/v4/cb/0e/dc/cb0edc29-c667-fae9-45a9-fb50b8e92645/source/170x170bb.jpg'),(318,'In the Dark','American Public Media',5,'https://is3-ssl.mzstatic.com/image/thumb/Music118/v4/88/7c/c7/887cc7f9-3aa8-336b-97b9-6978fed3dad0/source/170x170bb.jpg','https://is3-ssl.mzstatic.com/image/thumb/Music118/v4/88/7c/c7/887cc7f9-3aa8-336b-97b9-6978fed3dad0/source/170x170bb.jpg'),(319,'The Mash-Up Americans','89.3 KPCC',3,'https://is1-ssl.mzstatic.com/image/thumb/Music118/v4/31/14/6f/31146fe7-5d50-2671-d862-1a7d34c29af0/source/170x170bb.jpg','https://is1-ssl.mzstatic.com/image/thumb/Music118/v4/31/14/6f/31146fe7-5d50-2671-d862-1a7d34c29af0/source/170x170bb.jpg'),(320,'The Rolling Stones','The Rolling Stones',18,'https://is3-ssl.mzstatic.com/image/thumb/Music118/v4/ea/63/37/ea633741-90a1-4e8c-2cc5-6d6d080700a0/source/170x170bb.jpg','https://is3-ssl.mzstatic.com/image/thumb/Music118/v4/ea/63/37/ea633741-90a1-4e8c-2cc5-6d6d080700a0/source/170x170bb.jpg'),(321,'Under the Crossbones - The Pirate Podcast','Phil Johnson: Comedian',53,'https://is4-ssl.mzstatic.com/image/thumb/Music127/v4/3f/77/87/3f7787c3-80d8-ded8-e785-6721c8c551cb/source/170x170bb.jpg','https://is4-ssl.mzstatic.com/image/thumb/Music127/v4/3f/77/87/3f7787c3-80d8-ded8-e785-6721c8c551cb/source/170x170bb.jpg'),(322,'Open Run','UNINTERRUPTED',29,'https://is5-ssl.mzstatic.com/image/thumb/Music127/v4/01/f8/c1/01f8c18c-4986-e29c-04b7-83d7ab7f834f/source/170x170bb.jpg','https://is5-ssl.mzstatic.com/image/thumb/Music127/v4/01/f8/c1/01f8c18c-4986-e29c-04b7-83d7ab7f834f/source/170x170bb.jpg'),(323,'Twenty Thousand Hertz','Dallas Taylor',22,'https://is2-ssl.mzstatic.com/image/thumb/Music118/v4/22/9d/e0/229de064-acdc-ad59-a282-f2f187f79f87/source/170x170bb.jpg','https://is2-ssl.mzstatic.com/image/thumb/Music118/v4/22/9d/e0/229de064-acdc-ad59-a282-f2f187f79f87/source/170x170bb.jpg'),(324,'Honey','Campfire Media',14,'https://is1-ssl.mzstatic.com/image/thumb/Music118/v4/84/f8/8d/84f88d5d-4d77-3792-114f-446502723936/source/170x170bb.jpg','https://is1-ssl.mzstatic.com/image/thumb/Music118/v4/84/f8/8d/84f88d5d-4d77-3792-114f-446502723936/source/170x170bb.jpg'),(325,'Fantastic Beasts and Where to Find Them: Meet the Cast','Events at the Apple Store',6,'https://is2-ssl.mzstatic.com/image/thumb/Music71/v4/1f/1b/f1/1f1bf18a-671d-585c-633c-62881fc8677f/source/170x170bb.jpg','https://is2-ssl.mzstatic.com/image/thumb/Music71/v4/1f/1b/f1/1f1bf18a-671d-585c-633c-62881fc8677f/source/170x170bb.jpg'),(326,'Mouth Feelings','Campfire Media',31,'https://is4-ssl.mzstatic.com/image/thumb/Music128/v4/c5/65/15/c565158d-6ad4-1bc3-892a-eb5c509c25de/source/170x170bb.jpg','https://is4-ssl.mzstatic.com/image/thumb/Music128/v4/c5/65/15/c565158d-6ad4-1bc3-892a-eb5c509c25de/source/170x170bb.jpg'),(327,'The Hilarious World of Depression','American Public Media',4,'https://is4-ssl.mzstatic.com/image/thumb/Music71/v4/6f/8b/b0/6f8bb0cb-203f-d625-f783-540786100360/source/170x170bb.jpg','https://is4-ssl.mzstatic.com/image/thumb/Music71/v4/6f/8b/b0/6f8bb0cb-203f-d625-f783-540786100360/source/170x170bb.jpg'),(328,'Origins with James Andrew Miller','Cadence13',23,'https://is4-ssl.mzstatic.com/image/thumb/Music118/v4/69/d5/67/69d56786-71e8-0848-9e38-b5afe23bb489/source/170x170bb.jpg','https://is4-ssl.mzstatic.com/image/thumb/Music118/v4/69/d5/67/69d56786-71e8-0848-9e38-b5afe23bb489/source/170x170bb.jpg'),(329,'Educate','American Public Media',27,'https://is5-ssl.mzstatic.com/image/thumb/Music128/v4/d7/fe/b4/d7feb4b8-0c74-f116-5ade-04c99bde32a7/source/170x170bb.jpg','https://is5-ssl.mzstatic.com/image/thumb/Music128/v4/d7/fe/b4/d7feb4b8-0c74-f116-5ade-04c99bde32a7/source/170x170bb.jpg'),(330,'A Killing On the Cape','ABC News',5,'https://is3-ssl.mzstatic.com/image/thumb/Music118/v4/1e/9c/f4/1e9cf444-6d96-e092-0534-d5de20e3b9fb/source/170x170bb.jpg','https://is3-ssl.mzstatic.com/image/thumb/Music118/v4/1e/9c/f4/1e9cf444-6d96-e092-0534-d5de20e3b9fb/source/170x170bb.jpg'),(331,'FiveThirtyEight Politics','ESPN',5,'https://is2-ssl.mzstatic.com/image/thumb/Music122/v4/7e/22/17/7e221788-2b53-80fa-39a9-50b76bda263e/source/170x170bb.jpg','https://is2-ssl.mzstatic.com/image/thumb/Music122/v4/7e/22/17/7e221788-2b53-80fa-39a9-50b76bda263e/source/170x170bb.jpg'),(332,'Hello From The Magic Tavern','Earwolf',4,'https://is2-ssl.mzstatic.com/image/thumb/Music128/v4/b0/ec/b0/b0ecb0e6-5145-f87f-e090-ab9ef8d875d6/source/170x170bb.jpg','https://is2-ssl.mzstatic.com/image/thumb/Music128/v4/b0/ec/b0/b0ecb0e6-5145-f87f-e090-ab9ef8d875d6/source/170x170bb.jpg'),(333,'74 Seconds','MPR',5,'https://is3-ssl.mzstatic.com/image/thumb/Music117/v4/4c/4b/a7/4c4ba75d-105a-e25d-ee4f-f65520dbb2a6/source/170x170bb.jpg','https://is3-ssl.mzstatic.com/image/thumb/Music117/v4/4c/4b/a7/4c4ba75d-105a-e25d-ee4f-f65520dbb2a6/source/170x170bb.jpg'),(334,'The Podium','NBC Sports',2,'https://is4-ssl.mzstatic.com/image/thumb/Music128/v4/52/02/5c/52025c63-fd1f-3eff-5a0e-116f88033791/source/170x170bb.jpg','https://is4-ssl.mzstatic.com/image/thumb/Music128/v4/52/02/5c/52025c63-fd1f-3eff-5a0e-116f88033791/source/170x170bb.jpg'),(335,'The Party Room - ABC RN','ABC Radio National',5,'https://is1-ssl.mzstatic.com/image/thumb/Music62/v4/25/af/e8/25afe8c5-f908-6aa6-aca5-f3362cfc33b1/source/170x170bb.jpg','https://is1-ssl.mzstatic.com/image/thumb/Music62/v4/25/af/e8/25afe8c5-f908-6aa6-aca5-f3362cfc33b1/source/170x170bb.jpg'),(336,'Burn Your Passport with Nazeem Hussain','ABC Podcasts',4,'https://is3-ssl.mzstatic.com/image/thumb/Music71/v4/9e/ea/40/9eea403e-9ca9-472e-ac73-377a0dcf60a2/source/170x170bb.jpg','https://is3-ssl.mzstatic.com/image/thumb/Music71/v4/9e/ea/40/9eea403e-9ca9-472e-ac73-377a0dcf60a2/source/170x170bb.jpg'),(337,'The Global Politico','POLITICO',5,'https://is1-ssl.mzstatic.com/image/thumb/Music122/v4/fe/a3/93/fea39391-4d3e-a067-bcf1-ec20fdb62071/source/170x170bb.jpg','https://is1-ssl.mzstatic.com/image/thumb/Music122/v4/fe/a3/93/fea39391-4d3e-a067-bcf1-ec20fdb62071/source/170x170bb.jpg'),(338,'Dexter Guff is Smarter Than You (And You Can Be Too)','Panoply',4,'https://is2-ssl.mzstatic.com/image/thumb/Music118/v4/7e/cb/ad/7ecbad42-92fe-aecc-e836-5854780e70a2/source/170x170bb.jpg','https://is2-ssl.mzstatic.com/image/thumb/Music118/v4/7e/cb/ad/7ecbad42-92fe-aecc-e836-5854780e70a2/source/170x170bb.jpg'),(339,'We Study Billionaires - The Investors Podcast','Preston Pysh and Stig Brodersen',1,'https://is3-ssl.mzstatic.com/image/thumb/Music128/v4/12/e4/99/12e4993d-0e5d-cdd8-8706-84507d8a5635/source/170x170bb.jpg','https://is3-ssl.mzstatic.com/image/thumb/Music128/v4/12/e4/99/12e4993d-0e5d-cdd8-8706-84507d8a5635/source/170x170bb.jpg'),(340,'2 Dope Queens','WNYC',4,'https://is4-ssl.mzstatic.com/image/thumb/Music117/v4/39/02/9b/39029b19-edba-f441-0c8d-0fbb9da75896/source/170x170bb.jpg','https://is4-ssl.mzstatic.com/image/thumb/Music117/v4/39/02/9b/39029b19-edba-f441-0c8d-0fbb9da75896/source/170x170bb.jpg'),(341,'The Dinner Party Download','American Public Media',3,'https://is1-ssl.mzstatic.com/image/thumb/Music111/v4/d7/27/b1/d727b1a1-28f0-9f9f-dbcb-443ca5c0c188/source/170x170bb.jpg','https://is1-ssl.mzstatic.com/image/thumb/Music111/v4/d7/27/b1/d727b1a1-28f0-9f9f-dbcb-443ca5c0c188/source/170x170bb.jpg'),(342,'Ear Hustle','Radiotopia',15,'https://is5-ssl.mzstatic.com/image/thumb/Music117/v4/f9/01/36/f9013627-f009-2279-c6e9-8f5e7bfac903/source/170x170bb.jpg','https://is5-ssl.mzstatic.com/image/thumb/Music117/v4/f9/01/36/f9013627-f009-2279-c6e9-8f5e7bfac903/source/170x170bb.jpg'),(343,'Open Source with Christopher Lydon','Radio Open Source',22,'https://is4-ssl.mzstatic.com/image/thumb/Music71/v4/37/1a/4b/371a4b5e-8b47-d0e4-8d65-931cc040a904/source/170x170bb.jpg','https://is4-ssl.mzstatic.com/image/thumb/Music71/v4/37/1a/4b/371a4b5e-8b47-d0e4-8d65-931cc040a904/source/170x170bb.jpg'),(344,'The Bustle Huddle','Bustle',3,'https://is2-ssl.mzstatic.com/image/thumb/Music128/v4/73/30/f9/7330f966-cc91-fe1f-42a8-63cfc9f1375b/source/170x170bb.jpg','https://is2-ssl.mzstatic.com/image/thumb/Music128/v4/73/30/f9/7330f966-cc91-fe1f-42a8-63cfc9f1375b/source/170x170bb.jpg'),(345,'Developing iOS 11 Apps with Swift','Stanford',7,'https://is1-ssl.mzstatic.com/image/thumb/Music128/v4/fa/b1/5c/fab15cf7-b968-7e65-0f32-9955ae02fc3e/source/170x170bb.jpg','https://is1-ssl.mzstatic.com/image/thumb/Music128/v4/fa/b1/5c/fab15cf7-b968-7e65-0f32-9955ae02fc3e/source/170x170bb.jpg'),(346,'Heritage Road','Wondery',2,'https://is2-ssl.mzstatic.com/image/thumb/Music128/v4/4e/6e/13/4e6e1306-3a41-d08d-daf6-fe09178506f5/source/170x170bb.jpg','https://is2-ssl.mzstatic.com/image/thumb/Music128/v4/4e/6e/13/4e6e1306-3a41-d08d-daf6-fe09178506f5/source/170x170bb.jpg'),(347,'Deconstructed with Mehdi Hasan','The Intercept',5,'https://is3-ssl.mzstatic.com/image/thumb/Music128/v4/a1/0f/95/a10f95bb-a9aa-fa96-e0a7-82a7a0cedaf1/source/170x170bb.jpg','https://is3-ssl.mzstatic.com/image/thumb/Music128/v4/a1/0f/95/a10f95bb-a9aa-fa96-e0a7-82a7a0cedaf1/source/170x170bb.jpg'),(348,'SPONTANEANATION with Paul F. Tompkins','Earwolf',4,'https://is5-ssl.mzstatic.com/image/thumb/Music118/v4/df/3d/2c/df3d2c29-c432-13f8-5e8d-2b15eabf5ba7/source/170x170bb.jpg','https://is5-ssl.mzstatic.com/image/thumb/Music118/v4/df/3d/2c/df3d2c29-c432-13f8-5e8d-2b15eabf5ba7/source/170x170bb.jpg'),(349,'Broken Record','Rick Rubin',54,'https://is2-ssl.mzstatic.com/image/thumb/Music118/v4/bc/3f/99/bc3f99af-a5ef-2251-0438-9737ba2d0503/source/170x170bb.jpg','https://is2-ssl.mzstatic.com/image/thumb/Music118/v4/bc/3f/99/bc3f99af-a5ef-2251-0438-9737ba2d0503/source/170x170bb.jpg'),(350,'Sleepover','CBC',3,'https://is3-ssl.mzstatic.com/image/thumb/Music71/v4/8f/6a/ed/8f6aed2a-81cc-09c6-26b8-4ea0d1f0bd60/source/170x170bb.jpg','https://is3-ssl.mzstatic.com/image/thumb/Music71/v4/8f/6a/ed/8f6aed2a-81cc-09c6-26b8-4ea0d1f0bd60/source/170x170bb.jpg'),(351,'Self Service','Girlboss Radio',14,'https://is3-ssl.mzstatic.com/image/thumb/Music128/v4/c7/d8/bd/c7d8bd8b-ca0a-44d2-656a-05d8170dcb84/source/170x170bb.jpg','https://is3-ssl.mzstatic.com/image/thumb/Music128/v4/c7/d8/bd/c7d8bd8b-ca0a-44d2-656a-05d8170dcb84/source/170x170bb.jpg'),(352,'The World Next Week','Council on Foreign Relations',5,'https://is2-ssl.mzstatic.com/image/thumb/Music118/v4/97/de/30/97de30c6-cfed-fd5a-6a3f-cbb17f282a89/source/170x170bb.jpg','https://is2-ssl.mzstatic.com/image/thumb/Music118/v4/97/de/30/97de30c6-cfed-fd5a-6a3f-cbb17f282a89/source/170x170bb.jpg'),(353,'RISK!','RISK!',23,'https://is1-ssl.mzstatic.com/image/thumb/Music62/v4/ee/0e/64/ee0e6470-9d69-0c55-8a1d-e9d33c300971/source/170x170bb.jpg','https://is1-ssl.mzstatic.com/image/thumb/Music62/v4/ee/0e/64/ee0e6470-9d69-0c55-8a1d-e9d33c300971/source/170x170bb.jpg'),(354,'Conversations with People Who Hate Me','Night Vale Presents',3,'https://is2-ssl.mzstatic.com/image/thumb/Music128/v4/04/6c/8a/046c8a6a-5cf3-9a82-d3c7-51010e917595/source/170x170bb.jpg','https://is2-ssl.mzstatic.com/image/thumb/Music128/v4/04/6c/8a/046c8a6a-5cf3-9a82-d3c7-51010e917595/source/170x170bb.jpg'),(355,'StoryCorps','NPR',3,'https://is4-ssl.mzstatic.com/image/thumb/Music118/v4/e9/6a/f7/e96af76a-d12d-0cd3-63cc-c908863cb672/source/170x170bb.jpg','https://is4-ssl.mzstatic.com/image/thumb/Music118/v4/e9/6a/f7/e96af76a-d12d-0cd3-63cc-c908863cb672/source/170x170bb.jpg'),(356,'RISE AND GRIND with Daymond John','Daymond John',55,'https://is4-ssl.mzstatic.com/image/thumb/Music118/v4/41/63/68/41636855-2842-8909-d9c1-3b44237b995b/source/170x170bb.jpg','https://is4-ssl.mzstatic.com/image/thumb/Music118/v4/41/63/68/41636855-2842-8909-d9c1-3b44237b995b/source/170x170bb.jpg'),(357,'Inside the Hive with Nick Bilton','Vanity Fair',5,'https://is2-ssl.mzstatic.com/image/thumb/Music127/v4/7f/25/b3/7f25b3e1-055e-26ba-1c2b-512b3b65153e/source/170x170bb.jpg','https://is2-ssl.mzstatic.com/image/thumb/Music127/v4/7f/25/b3/7f25b3e1-055e-26ba-1c2b-512b3b65153e/source/170x170bb.jpg'),(358,'The FRONTLINE Dispatch','PBS',5,'https://is1-ssl.mzstatic.com/image/thumb/Music118/v4/a8/e6/a4/a8e6a4ff-c5f4-73e7-390e-ec26624f7133/source/170x170bb.jpg','https://is1-ssl.mzstatic.com/image/thumb/Music118/v4/a8/e6/a4/a8e6a4ff-c5f4-73e7-390e-ec26624f7133/source/170x170bb.jpg'),(359,'Raised by TV','Earwolf',4,'https://is3-ssl.mzstatic.com/image/thumb/Music118/v4/97/e1/35/97e13598-e5fa-daf6-a24d-3bec2b8b6aac/source/170x170bb.jpg','https://is3-ssl.mzstatic.com/image/thumb/Music118/v4/97/e1/35/97e13598-e5fa-daf6-a24d-3bec2b8b6aac/source/170x170bb.jpg'),(360,'Kevin Hart: Meet the Filmmaker','Events at the Apple Store',6,'https://is4-ssl.mzstatic.com/image/thumb/Music71/v4/0b/c8/20/0bc8208c-73ae-614f-9016-a85c6e1bcff5/source/170x170bb.jpg','https://is4-ssl.mzstatic.com/image/thumb/Music71/v4/0b/c8/20/0bc8208c-73ae-614f-9016-a85c6e1bcff5/source/170x170bb.jpg'),(361,'Fresh Air','NPR',22,'https://is2-ssl.mzstatic.com/image/thumb/Music118/v4/6c/b6/ab/6cb6ab65-91d0-5a25-5199-9bae5bf2e89b/source/170x170bb.jpg','https://is2-ssl.mzstatic.com/image/thumb/Music118/v4/6c/b6/ab/6cb6ab65-91d0-5a25-5199-9bae5bf2e89b/source/170x170bb.jpg'),(362,'Week In The Knees','Cadence13',5,'https://is2-ssl.mzstatic.com/image/thumb/Music128/v4/49/f1/a1/49f1a151-3ca4-dced-16c2-5d37bec89ddb/source/170x170bb.jpg','https://is2-ssl.mzstatic.com/image/thumb/Music128/v4/49/f1/a1/49f1a151-3ca4-dced-16c2-5d37bec89ddb/source/170x170bb.jpg'),(363,'You Made It Weird with Pete Holmes','Pete Holmes',4,'https://is2-ssl.mzstatic.com/image/thumb/Music71/v4/53/f9/8d/53f98d9e-dc6a-1c7c-a1de-a3ac57a4e435/source/170x170bb.jpg','https://is2-ssl.mzstatic.com/image/thumb/Music71/v4/53/f9/8d/53f98d9e-dc6a-1c7c-a1de-a3ac57a4e435/source/170x170bb.jpg'),(364,'Voxs The Weeds','Vox',5,'https://is2-ssl.mzstatic.com/image/thumb/Music117/v4/33/5d/62/335d6267-9084-659f-43ec-029aff9ffe3e/source/170x170bb.jpg','https://is2-ssl.mzstatic.com/image/thumb/Music117/v4/33/5d/62/335d6267-9084-659f-43ec-029aff9ffe3e/source/170x170bb.jpg'),(365,'HANNAHLYZE THIS with Hannah Hart & Hannah Gelb','Harto',14,'https://is5-ssl.mzstatic.com/image/thumb/Music128/v4/2f/8a/05/2f8a05b8-f32d-e939-c1aa-09308d997faf/source/170x170bb.jpg','https://is5-ssl.mzstatic.com/image/thumb/Music128/v4/2f/8a/05/2f8a05b8-f32d-e939-c1aa-09308d997faf/source/170x170bb.jpg'),(366,'Apple Keynotes','Apple',7,'https://is4-ssl.mzstatic.com/image/thumb/Music62/v4/3a/05/2c/3a052c9b-2241-5d8c-0b2e-a32b190d6cce/source/170x170bb.jpg','https://is4-ssl.mzstatic.com/image/thumb/Music62/v4/3a/05/2c/3a052c9b-2241-5d8c-0b2e-a32b190d6cce/source/170x170bb.jpg'),(367,'The Orbiting Human Circus (of the Air)','Night Vale Presents',23,'https://is1-ssl.mzstatic.com/image/thumb/Music128/v4/ad/3b/9d/ad3b9dce-e7b3-0ce0-d712-0de69b94363b/source/170x170bb.jpg','https://is1-ssl.mzstatic.com/image/thumb/Music128/v4/ad/3b/9d/ad3b9dce-e7b3-0ce0-d712-0de69b94363b/source/170x170bb.jpg'),(368,'Alone: A Love Story','CBC',3,'https://is1-ssl.mzstatic.com/image/thumb/Music118/v4/31/1f/13/311f139f-3819-21f1-0cea-0dc5672d826f/source/170x170bb.jpg','https://is1-ssl.mzstatic.com/image/thumb/Music118/v4/31/1f/13/311f139f-3819-21f1-0cea-0dc5672d826f/source/170x170bb.jpg'),(369,'ID10T with Chris Hardwick','Chris Hardwick',4,'https://is2-ssl.mzstatic.com/image/thumb/Music118/v4/63/49/0e/63490ea9-1a85-0701-ddc5-72882a316d73/source/170x170bb.jpg','https://is2-ssl.mzstatic.com/image/thumb/Music118/v4/63/49/0e/63490ea9-1a85-0701-ddc5-72882a316d73/source/170x170bb.jpg'),(370,'RABBITS','Pacific Northwest Stories',23,'https://is4-ssl.mzstatic.com/image/thumb/Music111/v4/04/43/ff/0443ffed-631f-e290-4946-50b2ba9364df/source/170x170bb.jpg','https://is4-ssl.mzstatic.com/image/thumb/Music111/v4/04/43/ff/0443ffed-631f-e290-4946-50b2ba9364df/source/170x170bb.jpg'),(371,'Behind the Lines - The Guardian Australia','The Guardian',5,'https://is4-ssl.mzstatic.com/image/thumb/Music128/v4/9a/d0/b0/9ad0b015-472d-4f0a-5625-cc9118567d16/source/170x170bb.jpg','https://is4-ssl.mzstatic.com/image/thumb/Music128/v4/9a/d0/b0/9ad0b015-472d-4f0a-5625-cc9118567d16/source/170x170bb.jpg'),(372,'Autastic: A Comedians Guide to Autism','Kirk Smith  & Graham Kay',14,'https://is4-ssl.mzstatic.com/image/thumb/Music117/v4/e1/5e/35/e15e3556-cf2d-0314-60fa-3134f507a15b/source/170x170bb.jpg','https://is4-ssl.mzstatic.com/image/thumb/Music117/v4/e1/5e/35/e15e3556-cf2d-0314-60fa-3134f507a15b/source/170x170bb.jpg'),(373,'Gilbert Gottfrieds Amazing Colossal Podcast','Earwolf',6,'https://is5-ssl.mzstatic.com/image/thumb/Music111/v4/ae/66/96/ae66966e-c354-8095-46a9-9f0a20f7144e/source/170x170bb.jpg','https://is5-ssl.mzstatic.com/image/thumb/Music111/v4/ae/66/96/ae66966e-c354-8095-46a9-9f0a20f7144e/source/170x170bb.jpg'),(374,'The Fridge Light','CBC',11,'https://is4-ssl.mzstatic.com/image/thumb/Music128/v4/13/4f/07/134f073b-b78a-7479-b1e2-340f366d655e/source/170x170bb.jpg','https://is4-ssl.mzstatic.com/image/thumb/Music128/v4/13/4f/07/134f073b-b78a-7479-b1e2-340f366d655e/source/170x170bb.jpg'),(375,'Spirits','Multitude',10,'https://is4-ssl.mzstatic.com/image/thumb/Music71/v4/10/d7/5c/10d75c21-c4f7-c9ae-ad37-07d14eb81088/source/170x170bb.jpg','https://is4-ssl.mzstatic.com/image/thumb/Music71/v4/10/d7/5c/10d75c21-c4f7-c9ae-ad37-07d14eb81088/source/170x170bb.jpg'),(376,'Pod Save America','Crooked Media',5,'https://is5-ssl.mzstatic.com/image/thumb/Music118/v4/3b/d5/8b/3bd58bfd-6605-9529-204e-8fdf56b3444c/source/170x170bb.jpg','https://is5-ssl.mzstatic.com/image/thumb/Music118/v4/3b/d5/8b/3bd58bfd-6605-9529-204e-8fdf56b3444c/source/170x170bb.jpg'),(377,'Tales','Parcast',22,'https://is3-ssl.mzstatic.com/image/thumb/Music128/v4/80/5e/2d/805e2d1c-446d-6fbf-0de0-d17f496b0313/source/170x170bb.jpg','https://is3-ssl.mzstatic.com/image/thumb/Music128/v4/80/5e/2d/805e2d1c-446d-6fbf-0de0-d17f496b0313/source/170x170bb.jpg'),(378,'The Longest Shortest Time','Stitcher',13,'https://is5-ssl.mzstatic.com/image/thumb/Music122/v4/37/7d/1a/377d1a51-6d6e-15c7-862b-905ab9ff8aef/source/170x170bb.jpg','https://is5-ssl.mzstatic.com/image/thumb/Music122/v4/37/7d/1a/377d1a51-6d6e-15c7-862b-905ab9ff8aef/source/170x170bb.jpg'),(379,'Epic Fail with Jenna Ushkowitz','At Will Radio',23,'https://is3-ssl.mzstatic.com/image/thumb/Music118/v4/b9/ef/b0/b9efb038-8833-c1ca-9ff0-3a5d66cc2101/source/170x170bb.jpg','https://is3-ssl.mzstatic.com/image/thumb/Music118/v4/b9/ef/b0/b9efb038-8833-c1ca-9ff0-3a5d66cc2101/source/170x170bb.jpg'),(380,'Locked Up Abroad','Wondery',3,'https://is3-ssl.mzstatic.com/image/thumb/Music128/v4/a0/8a/1d/a08a1d2e-9654-7393-7361-6ed7332616c8/source/170x170bb.jpg','https://is3-ssl.mzstatic.com/image/thumb/Music128/v4/a0/8a/1d/a08a1d2e-9654-7393-7361-6ed7332616c8/source/170x170bb.jpg'),(381,'Christmas is Coming!','Panoply',13,'https://is1-ssl.mzstatic.com/image/thumb/Music128/v4/53/61/21/5361212c-8fe2-8c8a-dfb2-1372a0ff57f2/source/170x170bb.jpg','https://is1-ssl.mzstatic.com/image/thumb/Music128/v4/53/61/21/5361212c-8fe2-8c8a-dfb2-1372a0ff57f2/source/170x170bb.jpg'),(382,'Tell Me Something I Dont Know','Stitcher',3,'https://is1-ssl.mzstatic.com/image/thumb/Music122/v4/f8/72/e5/f872e5e0-78c6-e95f-08c0-cc32e81f0171/source/170x170bb.jpg','https://is1-ssl.mzstatic.com/image/thumb/Music122/v4/f8/72/e5/f872e5e0-78c6-e95f-08c0-cc32e81f0171/source/170x170bb.jpg'),(383,'Rough Translation','NPR',5,'https://is4-ssl.mzstatic.com/image/thumb/Music128/v4/47/b9/f5/47b9f5b7-997d-c47c-12ba-af879965edd2/source/170x170bb.jpg','https://is4-ssl.mzstatic.com/image/thumb/Music128/v4/47/b9/f5/47b9f5b7-997d-c47c-12ba-af879965edd2/source/170x170bb.jpg'),(384,'The FilmStruck Podcast','FilmStruck',6,'https://is4-ssl.mzstatic.com/image/thumb/Music128/v4/ca/b3/33/cab3330e-ce03-7b6c-c52d-7b7bd907fefb/source/170x170bb.jpg','https://is4-ssl.mzstatic.com/image/thumb/Music128/v4/ca/b3/33/cab3330e-ce03-7b6c-c52d-7b7bd907fefb/source/170x170bb.jpg'),(385,'Crimetown','Gimlet Media',5,'https://is3-ssl.mzstatic.com/image/thumb/Music128/v4/bb/30/df/bb30df91-f643-76a9-dcde-c4a2e41ea4b8/source/170x170bb.jpg','https://is3-ssl.mzstatic.com/image/thumb/Music128/v4/bb/30/df/bb30df91-f643-76a9-dcde-c4a2e41ea4b8/source/170x170bb.jpg'),(386,'Making Obama','WBEZ',3,'https://is4-ssl.mzstatic.com/image/thumb/Music118/v4/62/92/2e/62922e6f-f1f3-d1f4-767b-843b7ab24ddd/source/170x170bb.jpg','https://is4-ssl.mzstatic.com/image/thumb/Music118/v4/62/92/2e/62922e6f-f1f3-d1f4-767b-843b7ab24ddd/source/170x170bb.jpg'),(387,'Armchair Expert with Dax Shepard','Dax Shepard',4,'https://is3-ssl.mzstatic.com/image/thumb/Music128/v4/bc/b2/3e/bcb23e14-7327-df6b-5759-26fb039a1263/source/170x170bb.jpg','https://is3-ssl.mzstatic.com/image/thumb/Music128/v4/bc/b2/3e/bcb23e14-7327-df6b-5759-26fb039a1263/source/170x170bb.jpg'),(388,'Empire on Blood','Panoply',3,'https://is4-ssl.mzstatic.com/image/thumb/Music62/v4/03/d3/61/03d36165-3787-8686-c55a-3ab4bbe15d37/source/170x170bb.jpg','https://is4-ssl.mzstatic.com/image/thumb/Music62/v4/03/d3/61/03d36165-3787-8686-c55a-3ab4bbe15d37/source/170x170bb.jpg'),(389,'Slow Burn: A Podcast About Watergate','Slate Magazine',10,'https://is4-ssl.mzstatic.com/image/thumb/Music128/v4/ce/dd/0c/cedd0cf4-45ff-2739-fd19-04c362f98a99/source/170x170bb.jpg','https://is4-ssl.mzstatic.com/image/thumb/Music128/v4/ce/dd/0c/cedd0cf4-45ff-2739-fd19-04c362f98a99/source/170x170bb.jpg'),(390,'The Greatest Generation','Maximum Fun',4,'https://is3-ssl.mzstatic.com/image/thumb/Music118/v4/45/97/40/4597408e-9c01-9d35-061f-dbb89e4b620b/source/170x170bb.jpg','https://is3-ssl.mzstatic.com/image/thumb/Music118/v4/45/97/40/4597408e-9c01-9d35-061f-dbb89e4b620b/source/170x170bb.jpg'),(391,'Secrets','Crimes & Audiotape',56,'https://is5-ssl.mzstatic.com/image/thumb/Music128/v4/2a/43/77/2a437746-a114-fa70-b820-40b20dadf8d8/source/170x170bb.jpg','https://is5-ssl.mzstatic.com/image/thumb/Music128/v4/2a/43/77/2a437746-a114-fa70-b820-40b20dadf8d8/source/170x170bb.jpg'),(392,'BackStory','BackStory',10,'https://is1-ssl.mzstatic.com/image/thumb/Music111/v4/44/23/d7/4423d7e0-96a6-a31f-2a63-f9b35f52605e/source/170x170bb.jpg','https://is1-ssl.mzstatic.com/image/thumb/Music111/v4/44/23/d7/4423d7e0-96a6-a31f-2a63-f9b35f52605e/source/170x170bb.jpg'),(393,'Be Here For A While','Rachael OBrien / Wondery',4,'https://is3-ssl.mzstatic.com/image/thumb/Music117/v4/1d/68/bd/1d68bdba-e409-d766-713c-d4d847fa6d63/source/170x170bb.jpg','https://is3-ssl.mzstatic.com/image/thumb/Music117/v4/1d/68/bd/1d68bdba-e409-d766-713c-d4d847fa6d63/source/170x170bb.jpg'),(394,'Nerd Poker','Brian Posehn',4,'https://is2-ssl.mzstatic.com/image/thumb/Music122/v4/0e/b9/3c/0eb93c7d-40d5-78a7-1142-c21a04a6c74d/source/170x170bb.jpg','https://is2-ssl.mzstatic.com/image/thumb/Music122/v4/0e/b9/3c/0eb93c7d-40d5-78a7-1142-c21a04a6c74d/source/170x170bb.jpg'),(395,'The goop Podcast','Goop',57,'https://is4-ssl.mzstatic.com/image/thumb/Music128/v4/90/df/77/90df77e7-c695-6f5b-2d3e-241d7f4e7810/source/170x170bb.jpg','https://is4-ssl.mzstatic.com/image/thumb/Music128/v4/90/df/77/90df77e7-c695-6f5b-2d3e-241d7f4e7810/source/170x170bb.jpg'),(396,'NASCAR on NBC podcast','NBC Sports',29,'https://is3-ssl.mzstatic.com/image/thumb/Music118/v4/16/02/43/16024324-e2bb-4134-8d1e-b1b18632cbc6/source/170x170bb.jpg','https://is3-ssl.mzstatic.com/image/thumb/Music118/v4/16/02/43/16024324-e2bb-4134-8d1e-b1b18632cbc6/source/170x170bb.jpg'),(397,'The GaryVee Audio Experience','Gary Vaynerchuk',47,'https://is3-ssl.mzstatic.com/image/thumb/Music118/v4/da/12/0e/da120e1b-1e89-509d-35af-b74cccae71ff/source/170x170bb.jpg','https://is3-ssl.mzstatic.com/image/thumb/Music118/v4/da/12/0e/da120e1b-1e89-509d-35af-b74cccae71ff/source/170x170bb.jpg'),(398,'Probably Science','Andy Wood',58,'https://is2-ssl.mzstatic.com/image/thumb/Music62/v4/25/42/f5/2542f50d-07eb-765f-26ef-50aca5446586/source/170x170bb.jpg','https://is2-ssl.mzstatic.com/image/thumb/Music62/v4/25/42/f5/2542f50d-07eb-765f-26ef-50aca5446586/source/170x170bb.jpg'),(399,'Prince Street','Finch & Partners / Dean & DeLuca',31,'https://is4-ssl.mzstatic.com/image/thumb/Music71/v4/c0/06/7e/c0067e72-1ee4-0b5b-67ad-a8945d1b04cc/source/170x170bb.jpg','https://is4-ssl.mzstatic.com/image/thumb/Music71/v4/c0/06/7e/c0067e72-1ee4-0b5b-67ad-a8945d1b04cc/source/170x170bb.jpg'),(400,'Americas Lakers Podcast','PodcastOne',2,'https://is3-ssl.mzstatic.com/image/thumb/Music118/v4/c5/96/ed/c596edf6-0738-a1a7-9111-ee038e0861d6/source/170x170bb.jpg','https://is3-ssl.mzstatic.com/image/thumb/Music118/v4/c5/96/ed/c596edf6-0738-a1a7-9111-ee038e0861d6/source/170x170bb.jpg'),(401,'PRINCE: Dig If You Will The Podcast','Macmillan Publishers',18,'https://is2-ssl.mzstatic.com/image/thumb/Music118/v4/ba/bb/44/babb4466-2be9-442c-56a1-64f264031351/source/170x170bb.jpg','https://is2-ssl.mzstatic.com/image/thumb/Music118/v4/ba/bb/44/babb4466-2be9-442c-56a1-64f264031351/source/170x170bb.jpg'),(402,'Mission To Zyxx','audioBoom',4,'https://is1-ssl.mzstatic.com/image/thumb/Music128/v4/e5/c1/f6/e5c1f67e-c39b-5708-b8de-9932a3797412/source/170x170bb.jpg','https://is1-ssl.mzstatic.com/image/thumb/Music128/v4/e5/c1/f6/e5c1f67e-c39b-5708-b8de-9932a3797412/source/170x170bb.jpg'),(403,'Chewin It with Kevin and Steve','Kevin Heffernan',59,'https://is4-ssl.mzstatic.com/image/thumb/Music71/v4/40/0c/d7/400cd7ba-d6a0-93d2-8647-57c6f2525a0c/source/170x170bb.jpg','https://is4-ssl.mzstatic.com/image/thumb/Music71/v4/40/0c/d7/400cd7ba-d6a0-93d2-8647-57c6f2525a0c/source/170x170bb.jpg'),(404,'See Something Say Something','BuzzFeed',15,'https://is4-ssl.mzstatic.com/image/thumb/Music118/v4/b9/0e/2a/b90e2ab7-c114-7f65-3c09-ff7ca7f23eb9/source/170x170bb.jpg','https://is4-ssl.mzstatic.com/image/thumb/Music118/v4/b9/0e/2a/b90e2ab7-c114-7f65-3c09-ff7ca7f23eb9/source/170x170bb.jpg'),(405,'Safe For Work','Wondery',9,'https://is1-ssl.mzstatic.com/image/thumb/Music128/v4/50/49/1a/50491a92-88ef-dc78-b015-522bd2c829fb/source/170x170bb.jpg','https://is1-ssl.mzstatic.com/image/thumb/Music128/v4/50/49/1a/50491a92-88ef-dc78-b015-522bd2c829fb/source/170x170bb.jpg'),(406,'Everything Happens with Kate Bowler','Duke University',3,'https://is4-ssl.mzstatic.com/image/thumb/Music128/v4/ec/e5/35/ece53573-845f-98f1-8dd9-a8ec50ca19a9/source/170x170bb.jpg','https://is4-ssl.mzstatic.com/image/thumb/Music128/v4/ec/e5/35/ece53573-845f-98f1-8dd9-a8ec50ca19a9/source/170x170bb.jpg');
/*!40000 ALTER TABLE `podcasts` ENABLE KEYS */;
UNLOCK TABLES;

--
-- Table structure for table `topics`
--

DROP TABLE IF EXISTS `topics`;
/*!40101 SET @saved_cs_client     = @@character_set_client */;
/*!40101 SET character_set_client = utf8 */;
CREATE TABLE `topics` (
  `topic_id` int(11) NOT NULL AUTO_INCREMENT,
  `topic_name` varchar(45) NOT NULL,
  `top_pd1` int(11) DEFAULT NULL,
  `top_pd2` int(11) DEFAULT NULL,
  `top_pd3` int(11) DEFAULT NULL,
  `top_pd4` int(11) DEFAULT NULL,
  `top_pd5` int(11) DEFAULT NULL,
  PRIMARY KEY (`topic_id`)
) ENGINE=MyISAM AUTO_INCREMENT=60 DEFAULT CHARSET=latin1;
/*!40101 SET character_set_client = @saved_cs_client */;

--
-- Dumping data for table `topics`
--

LOCK TABLES `topics` WRITE;
/*!40000 ALTER TABLE `topics` DISABLE KEYS */;
INSERT INTO `topics` VALUES (1,'investing',NULL,NULL,NULL,NULL,NULL),(2,'sports & recreation',NULL,NULL,NULL,NULL,NULL),(3,'society & culture',NULL,NULL,NULL,NULL,NULL),(4,'comedy',NULL,NULL,NULL,NULL,NULL),(5,'news & politics',NULL,NULL,NULL,NULL,NULL),(6,'tv & film',NULL,NULL,NULL,NULL,NULL),(7,'tech news',NULL,NULL,NULL,NULL,NULL),(8,'technology',NULL,NULL,NULL,NULL,NULL),(9,'careers',NULL,NULL,NULL,NULL,NULL),(10,'history',NULL,NULL,NULL,NULL,NULL),(11,'N',NULL,NULL,NULL,NULL,NULL),(12,'government & organizations',NULL,NULL,NULL,NULL,NULL),(13,'kids & family',NULL,NULL,NULL,NULL,NULL),(14,'self-help',NULL,NULL,NULL,NULL,NULL),(15,'personal journals',NULL,NULL,NULL,NULL,NULL),(16,'business',NULL,NULL,NULL,NULL,NULL),(17,'outdoor',NULL,NULL,NULL,NULL,NULL),(18,'music',NULL,NULL,NULL,NULL,NULL),(19,'places & travel',NULL,NULL,NULL,NULL,NULL),(20,'literature',NULL,NULL,NULL,NULL,NULL),(21,'social sciences',NULL,NULL,NULL,NULL,NULL),(22,'arts',NULL,NULL,NULL,NULL,NULL),(23,'performing arts',NULL,NULL,NULL,NULL,NULL),(24,'natural sciences',NULL,NULL,NULL,NULL,NULL),(25,'inc.',NULL,NULL,NULL,NULL,NULL),(26,'llc',NULL,NULL,NULL,NULL,NULL),(27,'education',NULL,NULL,NULL,NULL,NULL),(28,'fashion & beauty',NULL,NULL,NULL,NULL,NULL),(29,'professional',NULL,NULL,NULL,NULL,NULL),(30,'inc. and seven bucks productions',NULL,NULL,NULL,NULL,NULL),(31,'food',NULL,NULL,NULL,NULL,NULL),(32,'software how-to',NULL,NULL,NULL,NULL,NULL),(33,'mercedes lara',NULL,NULL,NULL,NULL,NULL),(34,'non-profit',NULL,NULL,NULL,NULL,NULL),(35,'national',NULL,NULL,NULL,NULL,NULL),(36,'health',NULL,NULL,NULL,NULL,NULL),(37,'automotive',NULL,NULL,NULL,NULL,NULL),(38,'events at the apple store',NULL,NULL,NULL,NULL,NULL),(39,'video games',NULL,NULL,NULL,NULL,NULL),(40,'sexuality',NULL,NULL,NULL,NULL,NULL),(41,'casper ter kuile & ariana nedelman',NULL,NULL,NULL,NULL,NULL),(42,'science & medicine',NULL,NULL,NULL,NULL,NULL),(43,'nerdist industries',NULL,NULL,NULL,NULL,NULL),(44,'essence magazine',NULL,NULL,NULL,NULL,NULL),(45,'james altucher',NULL,NULL,NULL,NULL,NULL),(46,'business news',NULL,NULL,NULL,NULL,NULL),(47,'management & marketing',NULL,NULL,NULL,NULL,NULL),(48,'medicine',NULL,NULL,NULL,NULL,NULL),(49,'ty hildenbrandt',NULL,NULL,NULL,NULL,NULL),(50,'ted talks',NULL,NULL,NULL,NULL,NULL),(51,'espree devora',NULL,NULL,NULL,NULL,NULL),(52,'american public media',NULL,NULL,NULL,NULL,NULL),(53,'musician',NULL,NULL,NULL,NULL,NULL),(54,'malcolm gladwell and bruce headlam',NULL,NULL,NULL,NULL,NULL),(55,'star of abcs shark tank & entrepreneur',NULL,NULL,NULL,NULL,NULL),(56,'wondery',NULL,NULL,NULL,NULL,NULL),(57,'inc. and cadence13',NULL,NULL,NULL,NULL,NULL),(58,'matt kirshen',NULL,NULL,NULL,NULL,NULL),(59,'steve lemme',NULL,NULL,NULL,NULL,NULL);
/*!40000 ALTER TABLE `topics` ENABLE KEYS */;
UNLOCK TABLES;

--
-- Table structure for table `user_pd_mp`
--

DROP TABLE IF EXISTS `user_pd_mp`;
/*!40101 SET @saved_cs_client     = @@character_set_client */;
/*!40101 SET character_set_client = utf8 */;
CREATE TABLE `user_pd_mp` (
  `user_id` int(11) NOT NULL,
  `pd_id` int(11) DEFAULT NULL,
  `likes` int(11) DEFAULT NULL
) ENGINE=MyISAM DEFAULT CHARSET=latin1;
/*!40101 SET character_set_client = @saved_cs_client */;

--
-- Dumping data for table `user_pd_mp`
--

LOCK TABLES `user_pd_mp` WRITE;
/*!40000 ALTER TABLE `user_pd_mp` DISABLE KEYS */;
INSERT INTO `user_pd_mp` VALUES (1,354,1),(1,138,1),(2,198,1),(2,241,1),(3,281,1),(3,81,1),(4,207,1),(4,187,1),(4,50,1),(4,27,1),(5,54,1),(5,316,1),(6,368,1),(6,138,1),(6,20,1),(6,401,1),(7,166,1),(7,366,1),(8,359,1),(8,156,1),(8,348,1),(8,244,1),(8,332,1),(8,277,1),(9,176,1),(9,49,1),(9,170,1),(9,279,1),(9,281,1),(9,211,1),(9,295,1),(9,10,1),(9,191,1),(10,213,1),(10,136,1),(10,276,1),(11,281,1),(11,81,1),(12,35,1),(12,368,1),(12,350,1),(12,15,1),(13,238,1),(13,346,1),(13,281,1),(14,281,1),(14,215,1),(15,281,1),(15,253,1),(16,349,1),(16,115,1),(16,281,1),(16,117,1),(16,275,1),(16,248,1),(16,318,1),(16,3,1),(16,255,1),(17,107,1),(17,281,1),(17,257,1),(17,169,1),(17,141,1),(17,145,1),(17,51,1),(17,137,1),(17,160,1),(17,12,1),(17,60,1),(17,122,1),(17,199,1),(17,384,1),(17,388,1),(17,387,1),(17,320,1),(18,18,1),(18,156,1),(19,25,1),(19,281,1),(20,281,1),(20,54,1),(21,107,1),(21,383,1),(21,361,1),(22,150,1),(22,281,1),(23,361,1),(23,341,1),(24,384,1),(24,356,1),(25,372,1),(25,84,1),(25,281,1),(26,135,1),(26,281,1),(26,323,1),(27,232,1),(27,253,1),(27,295,1),(27,132,1),(27,366,1),(28,107,1),(28,361,1),(29,385,1),(29,339,1),(29,295,1),(29,195,1),(29,95,1),(30,359,1),(30,348,1),(31,342,1),(31,121,1),(32,281,1),(32,356,1),(32,245,1),(32,239,1),(32,256,1),(32,301,1),(32,377,1),(32,170,1),(32,249,1),(32,359,1),(32,327,1),(32,136,1),(32,39,1),(32,315,1),(32,138,1),(32,243,1),(32,287,1),(32,188,1),(32,295,1),(32,156,1),(32,132,1),(32,353,1),(32,332,1),(32,277,1),(33,279,1),(33,135,1),(33,281,1),(34,385,1),(34,303,1),(35,325,1),(35,360,1),(36,281,1),(36,397,1),(37,316,1),(37,24,1),(37,155,1),(38,270,1),(38,40,1),(39,366,1),(39,281,1),(39,195,1),(40,316,1),(40,281,1),(41,281,1),(41,366,1),(42,377,1),(42,170,1),(42,281,1),(42,39,1),(43,281,1),(43,397,1),(44,312,1),(44,243,1),(45,241,1),(45,258,1),(46,255,1),(46,298,1),(46,12,1),(46,201,1),(46,278,1),(46,396,1),(46,353,1),(46,75,1),(47,266,1),(47,340,1),(48,281,1),(48,81,1),(49,257,1),(49,307,1),(49,169,1),(49,51,1),(50,62,1),(50,205,1),(50,118,1),(51,356,1),(51,295,1),(51,281,1),(52,99,1),(52,313,1),(53,235,1),(53,253,1),(54,376,1),(55,12,1),(55,25,1),(55,269,1),(55,285,1),(55,141,1),(55,67,1),(55,305,1),(55,81,1),(55,167,1),(55,23,1),(55,375,1),(55,129,1),(55,281,1),(55,231,1),(55,29,1),(55,150,1),(55,171,1),(55,140,1),(55,393,1),(55,68,1),(55,399,1),(55,272,1),(55,262,1),(56,163,1),(56,380,1),(57,85,1),(57,281,1),(57,225,1),(58,107,1),(58,281,1),(58,216,1),(58,388,1),(58,376,1),(58,356,1),(58,3,1),(58,239,1),(58,297,1),(58,123,1),(58,25,1),(58,158,1),(58,280,1),(58,243,1),(58,85,1),(59,356,1),(59,281,1),(59,115,1),(59,397,1),(60,281,1),(60,397,1),(61,281,1),(62,389,1),(62,281,1),(63,179,1),(63,320,1),(64,354,1),(64,81,1),(65,170,1),(65,281,1),(65,262,1),(66,309,1),(66,13,1),(67,150,1),(67,332,1),(67,209,1),(67,281,1),(67,392,1),(67,171,1),(67,399,1),(67,299,1),(67,134,1),(67,393,1),(67,367,1),(67,403,1),(67,264,1),(68,70,1),(68,281,1),(69,25,1),(69,174,1),(70,388,1),(70,253,1),(71,196,1),(71,306,1),(72,85,1),(72,381,1),(73,345,1),(73,281,1),(74,281,1),(74,217,1),(74,21,1),(74,363,1),(74,4,1),(75,316,1),(75,281,1),(76,157,1),(76,28,1),(77,135,1),(77,281,1),(78,193,1),(78,127,1),(79,153,1),(79,281,1),(80,335,1),(80,154,1),(81,281,1),(81,248,1),(82,281,1),(82,81,1),(83,333,1),(83,327,1),(84,135,1),(84,227,1),(84,219,1),(85,32,1),(85,390,1),(86,175,1),(86,217,1),(87,107,1),(87,158,1),(88,49,1),(88,281,1),(88,235,1),(88,249,1),(88,96,1),(88,115,1),(88,374,1),(88,282,1),(88,116,1),(88,86,1),(88,98,1),(89,281,1),(89,304,1),(89,306,1),(90,212,1),(90,218,1),(91,173,1),(91,270,1),(92,52,1),(92,210,1),(93,96,1),(93,395,1),(93,365,1),(93,328,1),(93,362,1),(94,234,1),(94,67,1),(95,107,1),(95,280,1),(95,235,1),(95,383,1),(95,164,1),(96,397,1),(96,401,1),(97,69,1),(97,282,1),(97,326,1),(97,381,1),(97,235,1),(97,281,1),(98,211,1),(98,281,1),(99,222,1),(99,329,1),(100,107,1),(100,384,1),(101,384,1),(101,216,1),(101,388,1),(101,347,1),(101,245,1),(101,3,1),(101,25,1),(101,405,1),(101,192,1),(101,386,1),(101,232,1),(101,387,1),(101,302,1),(101,178,1),(101,280,1),(101,265,1),(101,64,1),(101,121,1),(101,229,1),(102,268,1),(102,42,1),(102,281,1),(102,342,1),(102,62,1),(103,397,1),(103,281,1),(103,295,1),(103,189,1),(103,187,1),(103,342,1),(103,132,1),(103,166,1),(103,79,1),(103,243,1),(103,364,1),(103,10,1),(103,404,1),(103,5,1),(103,185,1),(103,401,1),(103,366,1),(103,280,1),(103,308,1),(103,321,1),(103,269,1),(103,260,1),(103,237,1),(103,33,1),(103,117,1),(103,50,1),(103,21,1),(103,357,1),(104,361,1),(104,236,1),(105,268,1),(105,281,1),(105,342,1),(105,211,1),(105,67,1),(105,253,1),(106,280,1),(106,281,1),(107,327,1),(107,318,1),(108,176,1),(108,333,1),(109,281,1),(109,222,1),(109,329,1),(110,28,1),(110,118,1),(111,281,1),(111,81,1),(112,155,1),(112,360,1),(113,225,1),(113,282,1),(114,302,1),(114,132,1),(115,85,1),(115,381,1),(115,338,1),(115,112,1),(116,281,1),(116,369,1),(117,92,1),(117,21,1),(117,353,1),(117,373,1),(117,267,1),(117,40,1),(118,85,1),(118,110,1),(119,211,1),(119,111,1),(120,84,1),(120,281,1),(120,299,1),(121,366,1),(121,281,1),(122,260,1),(122,372,1),(123,281,1),(123,236,1),(124,293,1),(124,279,1),(125,281,1),(125,282,1),(126,94,1),(126,281,1),(127,12,1),(127,388,1),(127,135,1),(128,56,1),(128,172,1),(129,195,1),(129,295,1),(129,281,1),(129,300,1),(129,141,1),(129,12,1),(129,66,1),(129,316,1),(129,21,1),(129,150,1),(129,67,1),(129,231,1),(129,314,1),(129,270,1),(129,58,1),(129,299,1),(129,4,1),(129,290,1),(129,303,1),(129,40,1),(129,78,1),(129,340,1),(129,258,1),(129,273,1),(129,201,1),(129,205,1),(129,161,1),(129,213,1),(129,390,1),(129,6,1),(129,94,1),(129,151,1),(129,104,1),(129,288,1),(129,118,1),(129,22,1),(129,131,1),(129,202,1),(129,221,1),(130,281,1),(130,390,1),(131,281,1),(131,133,1),(131,313,1),(132,282,1),(132,139,1),(133,180,1),(133,155,1),(134,281,1),(134,325,1),(135,281,1),(135,389,1),(136,209,1),(136,299,1),(136,12,1),(136,373,1),(136,281,1),(136,274,1),(136,210,1),(137,281,1),(137,282,1),(138,81,1),(138,306,1),(139,404,1),(139,19,1),(140,379,1),(140,281,1),(141,333,1),(141,329,1),(142,282,1),(142,139,1),(143,57,1),(143,252,1),(143,247,1),(144,309,1),(144,281,1),(144,225,1),(145,387,1),(145,369,1),(146,293,1),(146,281,1),(146,288,1),(147,46,1),(147,18,1),(148,281,1),(148,81,1),(149,281,1),(149,19,1),(150,99,1),(150,281,1),(151,90,1),(151,248,1),(152,281,1),(152,141,1),(153,366,1),(153,52,1),(154,25,1),(154,281,1),(155,227,1),(155,309,1),(156,281,1),(156,201,1),(157,211,1),(157,281,1),(158,137,1),(158,211,1),(159,115,1),(159,369,1),(160,281,1),(160,81,1),(161,211,1),(161,308,1),(161,253,1),(162,192,1),(162,281,1),(163,320,1),(163,54,1),(164,295,1),(164,224,1),(164,105,1),(164,357,1),(165,281,1),(165,135,1),(165,358,1),(165,56,1),(165,315,1),(166,54,1),(166,339,1),(167,136,1),(167,281,1),(168,49,1),(168,281,1),(169,145,1),(169,387,1),(169,85,1),(170,125,1),(170,281,1),(171,107,1),(171,135,1),(171,281,1),(171,123,1),(171,387,1),(171,87,1),(171,11,1),(171,220,1),(171,133,1),(171,120,1),(171,313,1),(171,358,1),(171,279,1),(171,309,1),(171,320,1),(171,316,1),(171,345,1),(171,271,1),(171,32,1),(171,70,1),(171,349,1),(171,359,1),(171,282,1),(171,81,1),(171,369,1),(171,238,1),(171,211,1),(171,243,1),(171,88,1),(171,380,1),(171,390,1),(171,341,1),(171,397,1),(171,394,1),(171,348,1),(171,218,1),(171,155,1),(171,215,1),(171,331,1),(171,318,1),(171,31,1),(171,231,1),(171,332,1),(171,171,1),(171,393,1),(171,3,1),(171,391,1),(171,95,1),(171,141,1),(171,202,1),(172,79,1),(172,159,1),(173,211,1),(173,281,1),(174,281,1),(174,255,1),(175,281,1),(175,390,1),(175,140,1),(176,297,1),(176,281,1),(176,386,1),(177,199,1),(177,254,1),(177,308,1),(177,258,1),(177,241,1),(177,88,1),(178,361,1),(179,281,1),(179,85,1),(180,215,1),(180,385,1),(180,213,1),(181,397,1),(181,281,1),(182,390,1),(182,10,1),(182,281,1),(182,67,1),(183,342,1),(183,121,1),(183,37,1),(183,76,1),(183,281,1),(183,270,1),(183,255,1),(184,281,1),(184,87,1),(184,99,1),(184,389,1),(184,85,1),(184,381,1),(184,249,1),(184,338,1),(184,89,1),(185,198,1),(185,179,1),(185,284,1),(185,397,1),(185,155,1),(186,282,1),(186,62,1),(187,389,1),(187,2,1),(187,88,1),(188,281,1),(188,81,1),(189,281,1),(189,388,1),(189,99,1),(189,85,1),(189,381,1),(189,338,1),(189,253,1),(189,155,1),(189,112,1),(190,281,1),(190,316,1),(190,110,1),(190,253,1),(191,198,1),(191,179,1),(191,316,1),(191,24,1),(191,397,1),(191,401,1),(192,80,1),(192,309,1),(192,179,1),(192,281,1),(192,279,1),(192,28,1),(192,235,1),(192,295,1),(192,91,1),(192,4,1),(192,359,1),(192,211,1),(192,319,1),(192,261,1),(192,25,1),(192,250,1),(192,21,1),(192,379,1),(192,37,1),(192,136,1),(192,98,1),(192,56,1),(192,20,1),(192,308,1),(192,24,1),(192,397,1),(192,333,1),(192,132,1),(192,401,1),(192,50,1),(192,372,1),(193,309,1),(193,153,1),(194,359,1),(194,156,1),(194,244,1),(195,96,1),(195,328,1),(195,362,1),(196,236,1),(196,331,1),(197,342,1),(197,20,1),(198,10,1),(198,281,1),(199,281,1),(199,237,1),(200,61,1),(200,147,1),(200,332,1),(201,281,1),(201,345,1),(202,83,1),(202,366,1),(202,361,1),(203,281,1),(203,335,1),(203,253,1),(203,375,1),(204,104,1),(204,361,1),(204,217,1),(205,282,1),(206,54,1),(206,316,1),(206,24,1),(206,397,1),(206,237,1),(206,155,1),(207,107,1),(207,281,1),(207,142,1),(207,228,1),(207,275,1),(207,325,1),(208,198,1),(208,54,1),(208,397,1),(208,401,1),(209,387,1),(209,190,1),(210,79,1),(210,67,1),(210,281,1),(210,215,1),(210,213,1),(211,279,1),(211,293,1),(211,138,1),(212,84,1),(212,281,1),(212,299,1),(213,135,1),(213,139,1),(214,245,1),(214,225,1),(214,281,1),(215,332,1),(215,281,1),(215,156,1),(216,81,1),(216,281,1),(217,281,1),(217,90,1),(217,285,1),(217,46,1),(217,201,1),(217,213,1),(218,17,1),(218,281,1),(219,289,1),(219,210,1),(220,289,1),(221,375,1),(221,281,1),(222,281,1),(222,282,1),(222,124,1),(223,384,1),(223,281,1),(224,281,1),(224,9,1),(225,10,1),(225,401,1),(225,308,1),(225,281,1),(225,361,1),(226,385,1),(226,213,1),(227,281,1),(227,253,1),(228,281,1),(228,115,1),(228,50,1),(228,295,1),(228,291,1),(229,281,1),(229,76,1),(230,148,1),(230,281,1),(231,188,1),(231,342,1),(232,281,1),(232,224,1),(232,401,1),(233,238,1),(233,208,1),(234,104,1),(234,70,1),(234,235,1),(235,138,1),(235,215,1),(236,227,1),(236,117,1),(237,325,1),(237,281,1),(237,360,1),(237,151,1),(237,104,1),(238,281,1),(238,309,1),(239,177,1),(239,106,1),(239,401,1),(240,2,1),(240,237,1),(241,281,1),(241,27,1),(242,150,1),(242,281,1),(242,325,1),(243,145,1),(243,135,1),(244,9,1),(244,207,1),(244,281,1),(244,39,1),(244,147,1),(245,66,1),(245,316,1),(245,340,1),(245,248,1),(245,318,1),(245,175,1),(245,253,1),(246,146,1),(246,211,1),(246,253,1),(246,88,1),(247,237,1),(248,321,1),(248,295,1),(248,281,1),(248,21,1),(249,163,1),(249,253,1),(250,99,1),(251,232,1),(251,281,1),(251,379,1),(251,282,1),(251,98,1),(251,56,1),(251,238,1),(252,104,1),(252,308,1),(253,151,1),(253,15,1),(254,295,1),(254,357,1),(254,150,1),(255,137,1),(255,83,1),(255,366,1),(255,361,1),(255,233,1),(255,136,1),(255,276,1),(256,61,1),(256,147,1),(256,66,1),(257,275,1),(257,81,1),(258,243,1),(258,330,1),(258,254,1),(258,308,1),(258,258,1),(258,88,1),(258,241,1),(259,121,1),(259,281,1),(260,281,1),(260,198,1),(260,85,1),(260,301,1),(260,179,1),(260,225,1),(261,141,1),(261,404,1),(262,281,1),(262,81,1),(263,168,1),(263,281,1),(263,58,1),(264,248,1),(264,253,1),(265,281,1),(265,35,1),(266,342,1),(266,304,1),(267,305,1),(267,12,1),(268,199,1),(268,281,1),(269,281,1),(269,94,1),(270,368,1),(270,35,1),(270,15,1),(271,238,1),(271,281,1),(272,178,1),(272,280,1),(273,214,1),(273,371,1),(274,359,1),(274,295,1),(274,244,1),(274,31,1),(275,67,1),(275,281,1),(276,84,1),(276,281,1),(276,299,1),(276,391,1),(277,345,1),(277,10,1),(278,281,1),(278,81,1),(279,243,1),(279,88,1),(280,281,1),(280,35,1),(281,198,1),(281,179,1),(281,320,1),(281,54,1),(281,316,1),(281,24,1),(281,397,1),(281,401,1),(281,155,1),(281,360,1),(282,281,1),(282,255,1),(283,243,1),(283,301,1),(284,203,1),(284,288,1),(284,118,1),(284,22,1),(285,173,1),(285,331,1),(286,316,1),(286,281,1),(287,11,1),(287,64,1),(287,157,1),(288,295,1),(288,211,1),(289,32,1),(289,281,1),(290,309,1),(290,281,1),(290,316,1),(291,7,1),(291,342,1),(291,295,1),(291,191,1),(291,281,1),(292,313,1),(292,281,1),(292,54,1),(292,67,1),(293,323,1),(293,9,1),(294,10,1),(294,203,1),(294,197,1),(294,281,1),(294,325,1),(295,316,1),(295,325,1),(295,360,1),(296,386,1),(296,281,1),(296,135,1),(297,49,1),(297,295,1),(298,135,1),(298,3,1),(299,383,1),(299,164,1),(299,280,1),(300,281,1),(300,81,1),(301,281,1),(301,397,1),(302,158,1),(302,83,1),(303,281,1),(303,377,1),(303,387,1),(303,157,1),(303,226,1),(303,45,1),(303,211,1),(303,279,1),(303,309,1),(303,246,1),(303,379,1),(304,281,1),(304,107,1),(305,141,1),(305,356,1),(305,245,1),(305,256,1),(305,301,1),(305,359,1),(305,378,1),(305,97,1),(305,39,1),(305,224,1),(305,281,1),(305,132,1),(305,287,1),(305,295,1),(305,156,1),(305,341,1),(305,117,1),(305,348,1),(305,234,1),(305,210,1),(305,244,1),(305,31,1),(305,332,1),(305,249,1),(305,273,1),(305,322,1),(305,136,1),(305,73,1),(305,221,1),(305,277,1),(306,281,1),(306,323,1),(307,301,1),(308,198,1),(308,271,1),(309,87,1),(309,281,1),(309,124,1),(309,282,1),(309,97,1),(309,105,1),(309,380,1),(309,317,1),(309,195,1),(309,214,1),(309,391,1),(310,285,1),(310,172,1),(310,331,1),(310,318,1),(310,84,1),(310,150,1),(310,281,1),(310,314,1),(310,399,1),(310,367,1),(310,162,1),(310,215,1),(311,131,1),(311,277,1),(311,126,1),(312,12,1),(312,269,1),(313,386,1),(313,229,1),(314,198,1),(314,54,1),(314,397,1),(314,401,1),(315,282,1),(315,281,1),(316,107,1),(316,154,1),(317,359,1),(317,156,1),(317,244,1),(318,281,1),(318,104,1),(319,228,1),(319,281,1),(319,332,1),(319,392,1),(319,171,1),(319,81,1),(319,363,1),(319,140,1),(319,175,1),(319,360,1),(319,393,1),(319,162,1),(319,290,1),(319,403,1),(319,40,1),(319,9,1),(319,68,1),(319,258,1),(319,77,1),(319,273,1),(319,399,1),(319,272,1),(319,62,1),(319,21,1),(319,262,1),(319,75,1),(319,46,1),(319,12,1),(319,396,1),(319,353,1),(319,253,1),(319,18,1),(319,95,1),(319,274,1),(319,390,1),(319,20,1),(319,156,1),(319,94,1),(319,186,1),(319,247,1),(319,248,1),(319,15,1),(319,104,1),(319,22,1),(319,35,1),(319,131,1),(319,221,1),(319,126,1),(320,342,1),(320,121,1),(320,37,1),(320,281,1),(321,215,1),(321,281,1),(322,81,1),(322,84,1),(323,282,1),(323,281,1),(324,121,1),(324,281,1),(325,80,1),(326,80,1),(326,376,1),(327,369,1),(327,281,1),(327,403,1),(328,327,1),(328,182,1),(328,390,1),(328,340,1),(329,359,1),(329,295,1),(330,238,1),(330,397,1),(330,53,1),(330,357,1),(330,325,1),(331,326,1),(331,324,1),(332,281,1),(332,253,1),(332,211,1),(333,16,1),(333,81,1),(333,167,1),(334,57,1),(334,281,1),(335,316,1),(335,281,1),(336,100,1),(336,65,1),(337,281,1),(337,236,1),(338,57,1),(338,252,1),(338,118,1),(339,397,1),(339,360,1),(340,281,1),(340,278,1),(341,216,1),(341,303,1),(342,256,1),(342,280,1),(342,281,1),(342,301,1),(342,49,1),(343,2,1),(343,400,1),(344,283,1),(344,281,1),(345,389,1),(345,72,1),(346,281,1),(346,139,1),(347,114,1),(347,224,1),(348,301,1),(348,359,1),(348,156,1),(348,244,1),(349,281,1),(349,81,1),(350,184,1),(350,399,1),(350,52,1),(350,20,1),(350,151,1),(350,15,1),(351,3,1),(351,18,1),(352,220,1),(352,83,1),(353,193,1),(353,115,1),(354,121,1),(354,37,1),(355,281,1),(355,75,1),(356,281,1),(356,18,1),(357,316,1),(357,146,1),(358,325,1),(358,360,1),(359,133,1),(359,313,1),(359,225,1),(359,281,1),(359,193,1),(359,124,1),(359,97,1),(359,282,1),(359,380,1),(359,317,1),(359,214,1),(359,84,1),(360,271,1),(360,32,1),(360,261,1),(361,199,1),(361,88,1),(361,258,1),(362,243,1),(362,241,1),(362,88,1),(363,127,1),(363,263,1),(364,56,1),(364,215,1),(364,213,1),(364,118,1),(365,281,1),(365,67,1),(366,89,1),(366,360,1),(367,309,1),(367,37,1),(367,282,1),(367,32,1),(367,253,1),(367,67,1),(367,113,1),(367,295,1),(368,188,1),(368,272,1),(369,281,1),(369,198,1),(369,320,1),(370,320,1),(370,316,1),(370,397,1),(371,48,1),(371,282,1),(372,281,1),(372,198,1),(372,179,1),(373,295,1),(373,81,1),(374,281,1),(374,397,1),(375,49,1),(375,397,1),(376,281,1),(376,135,1),(377,281,1),(377,167,1),(378,107,1),(378,397,1),(379,323,1),(379,281,1),(380,281,1),(380,243,1),(380,146,1),(381,254,1),(381,243,1),(381,241,1),(382,211,1),(382,10,1),(383,102,1),(383,339,1),(384,397,1),(384,189,1),(385,281,1),(385,211,1),(386,324,1),(386,52,1),(387,252,1),(387,281,1),(387,67,1),(387,79,1),(388,37,1),(388,281,1),(388,255,1),(389,140,1),(389,15,1),(390,278,1),(390,306,1),(391,136,1),(391,281,1),(392,281,1),(392,132,1),(392,210,1),(393,281,1),(393,243,1),(394,281,1),(394,143,1),(394,216,1),(394,388,1),(394,376,1),(394,356,1),(394,347,1),(394,387,1),(394,245,1),(394,3,1),(394,239,1),(394,297,1),(395,402,1),(395,401,1),(396,12,1),(396,281,1),(396,94,1),(397,385,1),(397,119,1),(397,281,1),(397,58,1),(398,81,1),(398,224,1),(399,389,1),(399,85,1),(400,281,1),(400,135,1),(400,219,1),(401,150,1),(401,281,1),(401,382,1),(402,388,1),(402,281,1),(403,281,1),(403,209,1),(404,358,1),(404,263,1),(405,253,1),(405,281,1),(406,295,1),(406,281,1),(407,145,1),(407,135,1),(407,293,1),(407,198,1),(407,279,1),(407,227,1),(407,219,1),(407,185,1),(408,281,1),(408,211,1),(409,232,1),(409,263,1),(410,227,1),(410,327,1),(410,332,1),(411,300,1),(411,241,1),(411,373,1),(411,281,1),(411,50,1),(411,251,1),(411,68,1),(412,107,1),(412,12,1),(413,281,1),(413,311,1),(414,271,1),(414,261,1),(415,27,1),(415,322,1),(416,135,1),(416,139,1),(417,281,1),(417,135,1),(418,253,1),(418,295,1),(419,245,1),(419,31,1),(419,67,1),(419,29,1),(419,150,1),(419,404,1),(419,281,1),(419,392,1),(419,11,1),(419,255,1),(419,78,1),(420,225,1),(420,313,1),(420,58,1),(421,177,1),(421,224,1),(421,401,1),(422,316,1),(422,325,1),(422,281,1),(422,360,1),(422,151,1),(422,104,1),(423,99,1),(423,316,1),(423,401,1),(423,95,1);
/*!40000 ALTER TABLE `user_pd_mp` ENABLE KEYS */;
UNLOCK TABLES;

--
-- Table structure for table `user_reco`
--

DROP TABLE IF EXISTS `user_reco`;
/*!40101 SET @saved_cs_client     = @@character_set_client */;
/*!40101 SET character_set_client = utf8 */;
CREATE TABLE `user_reco` (
  `user_id` int(11) NOT NULL,
  `pd_id` int(11) DEFAULT NULL
) ENGINE=MyISAM DEFAULT CHARSET=latin1;
/*!40101 SET character_set_client = @saved_cs_client */;

--
-- Dumping data for table `user_reco`
--

LOCK TABLES `user_reco` WRITE;
/*!40000 ALTER TABLE `user_reco` DISABLE KEYS */;
/*!40000 ALTER TABLE `user_reco` ENABLE KEYS */;
UNLOCK TABLES;

--
-- Table structure for table `user_topic_mp`
--

DROP TABLE IF EXISTS `user_topic_mp`;
/*!40101 SET @saved_cs_client     = @@character_set_client */;
/*!40101 SET character_set_client = utf8 */;
CREATE TABLE `user_topic_mp` (
  `user_id` int(11) NOT NULL,
  `topic_id` int(11) NOT NULL,
  `like_count` int(11) DEFAULT '0',
  `dislike_count` int(11) DEFAULT '0'
) ENGINE=MyISAM DEFAULT CHARSET=latin1;
/*!40101 SET character_set_client = @saved_cs_client */;

--
-- Dumping data for table `user_topic_mp`
--

LOCK TABLES `user_topic_mp` WRITE;
/*!40000 ALTER TABLE `user_topic_mp` DISABLE KEYS */;
/*!40000 ALTER TABLE `user_topic_mp` ENABLE KEYS */;
UNLOCK TABLES;

--
-- Table structure for table `users`
--

DROP TABLE IF EXISTS `users`;
/*!40101 SET @saved_cs_client     = @@character_set_client */;
/*!40101 SET character_set_client = utf8 */;
CREATE TABLE `users` (
  `user_id` int(11) NOT NULL AUTO_INCREMENT,
  `tweet_id` varchar(45) DEFAULT NULL,
  `first_name` varchar(45) DEFAULT NULL,
  `last_name` varchar(45) DEFAULT NULL,
  `mail_id` varchar(45) DEFAULT NULL,
  `password` varchar(45) DEFAULT NULL,
  PRIMARY KEY (`user_id`)
) ENGINE=MyISAM AUTO_INCREMENT=424 DEFAULT CHARSET=latin1;
/*!40101 SET character_set_client = @saved_cs_client */;

--
-- Dumping data for table `users`
--

LOCK TABLES `users` WRITE;
/*!40000 ALTER TABLE `users` DISABLE KEYS */;
INSERT INTO `users` VALUES (1,'3030885863',NULL,NULL,'3030885863abc@gmail.com','abc123'),(2,'4099649475',NULL,NULL,'4099649475abc@gmail.com','abc123'),(3,'478633583',NULL,NULL,'478633583abc@gmail.com','abc123'),(4,'33291819',NULL,NULL,'33291819abc@gmail.com','abc123'),(5,'1861971816',NULL,NULL,'1861971816abc@gmail.com','abc123'),(6,'47193539',NULL,NULL,'47193539abc@gmail.com','abc123'),(7,'141162697',NULL,NULL,'141162697abc@gmail.com','abc123'),(8,'152411615',NULL,NULL,'152411615abc@gmail.com','abc123'),(9,'2763199699',NULL,NULL,'2763199699abc@gmail.com','abc123'),(10,'14908048',NULL,NULL,'14908048abc@gmail.com','abc123'),(11,'434246500',NULL,NULL,'434246500abc@gmail.com','abc123'),(12,'195971292',NULL,NULL,'195971292abc@gmail.com','abc123'),(13,'1785501',NULL,NULL,'1785501abc@gmail.com','abc123'),(14,'3249850855',NULL,NULL,'3249850855abc@gmail.com','abc123'),(15,'15096317',NULL,NULL,'15096317abc@gmail.com','abc123'),(16,'14774858',NULL,NULL,'14774858abc@gmail.com','abc123'),(17,'382471425',NULL,NULL,'382471425abc@gmail.com','abc123'),(18,'58585996',NULL,NULL,'58585996abc@gmail.com','abc123'),(19,'739882848493010945',NULL,NULL,'739882848493010945abc@gmail.com','abc123'),(20,'4854972958',NULL,NULL,'4854972958abc@gmail.com','abc123'),(21,'137890451',NULL,NULL,'137890451abc@gmail.com','abc123'),(22,'795851598832418816',NULL,NULL,'795851598832418816abc@gmail.com','abc123'),(23,'711710800977604609',NULL,NULL,'711710800977604609abc@gmail.com','abc123'),(24,'2385926208',NULL,NULL,'2385926208abc@gmail.com','abc123'),(25,'782266',NULL,NULL,'782266abc@gmail.com','abc123'),(26,'922569445628837888',NULL,NULL,'922569445628837888abc@gmail.com','abc123'),(27,'21999077',NULL,NULL,'21999077abc@gmail.com','abc123'),(28,'18364847',NULL,NULL,'18364847abc@gmail.com','abc123'),(29,'1911124195',NULL,NULL,'1911124195abc@gmail.com','abc123'),(30,'16306235',NULL,NULL,'16306235abc@gmail.com','abc123'),(31,'866855215',NULL,NULL,'866855215abc@gmail.com','abc123'),(32,'846137545',NULL,NULL,'846137545abc@gmail.com','abc123'),(33,'586661020',NULL,NULL,'586661020abc@gmail.com','abc123'),(34,'779763506795188229',NULL,NULL,'779763506795188229abc@gmail.com','abc123'),(35,'819979017373650944',NULL,NULL,'819979017373650944abc@gmail.com','abc123'),(36,'7947192',NULL,NULL,'7947192abc@gmail.com','abc123'),(37,'267872796',NULL,NULL,'267872796abc@gmail.com','abc123'),(38,'30488144',NULL,NULL,'30488144abc@gmail.com','abc123'),(39,'368099051',NULL,NULL,'368099051abc@gmail.com','abc123'),(40,'542367047',NULL,NULL,'542367047abc@gmail.com','abc123'),(41,'143295539',NULL,NULL,'143295539abc@gmail.com','abc123'),(42,'4831384534',NULL,NULL,'4831384534abc@gmail.com','abc123'),(43,'5768872',NULL,NULL,'5768872abc@gmail.com','abc123'),(44,'3074681873',NULL,NULL,'3074681873abc@gmail.com','abc123'),(45,'16579249',NULL,NULL,'16579249abc@gmail.com','abc123'),(46,'2149740698',NULL,NULL,'2149740698abc@gmail.com','abc123'),(47,'18231063',NULL,NULL,'18231063abc@gmail.com','abc123'),(48,'14814457',NULL,NULL,'14814457abc@gmail.com','abc123'),(49,'155178911',NULL,NULL,'155178911abc@gmail.com','abc123'),(50,'4501843513',NULL,NULL,'4501843513abc@gmail.com','abc123'),(51,'41008711',NULL,NULL,'41008711abc@gmail.com','abc123'),(52,'957011957684432896',NULL,NULL,'957011957684432896abc@gmail.com','abc123'),(53,'2193817320',NULL,NULL,'2193817320abc@gmail.com','abc123'),(54,'965966441915801601',NULL,NULL,'965966441915801601abc@gmail.com','abc123'),(55,'105969411',NULL,NULL,'105969411abc@gmail.com','abc123'),(56,'629055051',NULL,NULL,'629055051abc@gmail.com','abc123'),(57,'878246599260086272',NULL,NULL,'878246599260086272abc@gmail.com','abc123'),(58,'921210973616246785',NULL,NULL,'921210973616246785abc@gmail.com','abc123'),(59,'490204452',NULL,NULL,'490204452abc@gmail.com','abc123'),(60,'111246471',NULL,NULL,'111246471abc@gmail.com','abc123'),(61,'3251253672',NULL,NULL,'3251253672abc@gmail.com','abc123'),(62,'199914160',NULL,NULL,'199914160abc@gmail.com','abc123'),(63,'702298664715157504',NULL,NULL,'702298664715157504abc@gmail.com','abc123'),(64,'9935732',NULL,NULL,'9935732abc@gmail.com','abc123'),(65,'3087777327',NULL,NULL,'3087777327abc@gmail.com','abc123'),(66,'250323817',NULL,NULL,'250323817abc@gmail.com','abc123'),(67,'87483233',NULL,NULL,'87483233abc@gmail.com','abc123'),(68,'10118982',NULL,NULL,'10118982abc@gmail.com','abc123'),(69,'833571',NULL,NULL,'833571abc@gmail.com','abc123'),(70,'52279659',NULL,NULL,'52279659abc@gmail.com','abc123'),(71,'3269258197',NULL,NULL,'3269258197abc@gmail.com','abc123'),(72,'24130704',NULL,NULL,'24130704abc@gmail.com','abc123'),(73,'2147489526',NULL,NULL,'2147489526abc@gmail.com','abc123'),(74,'81015760',NULL,NULL,'81015760abc@gmail.com','abc123'),(75,'3237313411',NULL,NULL,'3237313411abc@gmail.com','abc123'),(76,'1137814909',NULL,NULL,'1137814909abc@gmail.com','abc123'),(77,'808450675092832260',NULL,NULL,'808450675092832260abc@gmail.com','abc123'),(78,'772892024374644736',NULL,NULL,'772892024374644736abc@gmail.com','abc123'),(79,'41418978',NULL,NULL,'41418978abc@gmail.com','abc123'),(80,'76898200',NULL,NULL,'76898200abc@gmail.com','abc123'),(81,'794936556557451264',NULL,NULL,'794936556557451264abc@gmail.com','abc123'),(82,'106234832',NULL,NULL,'106234832abc@gmail.com','abc123'),(83,'35985119',NULL,NULL,'35985119abc@gmail.com','abc123'),(84,'14149546',NULL,NULL,'14149546abc@gmail.com','abc123'),(85,'101113877',NULL,NULL,'101113877abc@gmail.com','abc123'),(86,'20673691',NULL,NULL,'20673691abc@gmail.com','abc123'),(87,'706484486049964032',NULL,NULL,'706484486049964032abc@gmail.com','abc123'),(88,'876223756376563714',NULL,NULL,'876223756376563714abc@gmail.com','abc123'),(89,'347999567',NULL,NULL,'347999567abc@gmail.com','abc123'),(90,'734366803032477696',NULL,NULL,'734366803032477696abc@gmail.com','abc123'),(91,'181493561',NULL,NULL,'181493561abc@gmail.com','abc123'),(92,'211957138',NULL,NULL,'211957138abc@gmail.com','abc123'),(93,'2810483301',NULL,NULL,'2810483301abc@gmail.com','abc123'),(94,'527761993',NULL,NULL,'527761993abc@gmail.com','abc123'),(95,'14062180',NULL,NULL,'14062180abc@gmail.com','abc123'),(96,'1201347410',NULL,NULL,'1201347410abc@gmail.com','abc123'),(97,'852203915940687872',NULL,NULL,'852203915940687872abc@gmail.com','abc123'),(98,'20564615',NULL,NULL,'20564615abc@gmail.com','abc123'),(99,'88025330',NULL,NULL,'88025330abc@gmail.com','abc123'),(100,'16348857',NULL,NULL,'16348857abc@gmail.com','abc123'),(101,'1079126036',NULL,NULL,'1079126036abc@gmail.com','abc123'),(102,'36718123',NULL,NULL,'36718123abc@gmail.com','abc123'),(103,'878203663474319360',NULL,NULL,'878203663474319360abc@gmail.com','abc123'),(104,'2567642520',NULL,NULL,'2567642520abc@gmail.com','abc123'),(105,'14929027',NULL,NULL,'14929027abc@gmail.com','abc123'),(106,'785506145708437504',NULL,NULL,'785506145708437504abc@gmail.com','abc123'),(107,'1550728242',NULL,NULL,'1550728242abc@gmail.com','abc123'),(108,'108795213',NULL,NULL,'108795213abc@gmail.com','abc123'),(109,'717829799880691713',NULL,NULL,'717829799880691713abc@gmail.com','abc123'),(110,'198617914',NULL,NULL,'198617914abc@gmail.com','abc123'),(111,'14189146',NULL,NULL,'14189146abc@gmail.com','abc123'),(112,'767932962',NULL,NULL,'767932962abc@gmail.com','abc123'),(113,'348222766',NULL,NULL,'348222766abc@gmail.com','abc123'),(114,'2970233345',NULL,NULL,'2970233345abc@gmail.com','abc123'),(115,'16007952',NULL,NULL,'16007952abc@gmail.com','abc123'),(116,'707039799899594752',NULL,NULL,'707039799899594752abc@gmail.com','abc123'),(117,'708019901609472000',NULL,NULL,'708019901609472000abc@gmail.com','abc123'),(118,'3425221551',NULL,NULL,'3425221551abc@gmail.com','abc123'),(119,'540142161',NULL,NULL,'540142161abc@gmail.com','abc123'),(120,'535526384',NULL,NULL,'535526384abc@gmail.com','abc123'),(121,'3349117787',NULL,NULL,'3349117787abc@gmail.com','abc123'),(122,'136975435',NULL,NULL,'136975435abc@gmail.com','abc123'),(123,'3248139409',NULL,NULL,'3248139409abc@gmail.com','abc123'),(124,'133790003',NULL,NULL,'133790003abc@gmail.com','abc123'),(125,'732623045786013696',NULL,NULL,'732623045786013696abc@gmail.com','abc123'),(126,'26807628',NULL,NULL,'26807628abc@gmail.com','abc123'),(127,'796377253399695360',NULL,NULL,'796377253399695360abc@gmail.com','abc123'),(128,'47222085',NULL,NULL,'47222085abc@gmail.com','abc123'),(129,'97141446',NULL,NULL,'97141446abc@gmail.com','abc123'),(130,'750763359285411840',NULL,NULL,'750763359285411840abc@gmail.com','abc123'),(131,'18636811',NULL,NULL,'18636811abc@gmail.com','abc123'),(132,'840322377758179328',NULL,NULL,'840322377758179328abc@gmail.com','abc123'),(133,'847289307110834176',NULL,NULL,'847289307110834176abc@gmail.com','abc123'),(134,'800305665612746752',NULL,NULL,'800305665612746752abc@gmail.com','abc123'),(135,'15164565',NULL,NULL,'15164565abc@gmail.com','abc123'),(136,'2733794577',NULL,NULL,'2733794577abc@gmail.com','abc123'),(137,'889967031319117824',NULL,NULL,'889967031319117824abc@gmail.com','abc123'),(138,'125974233',NULL,NULL,'125974233abc@gmail.com','abc123'),(139,'15009761',NULL,NULL,'15009761abc@gmail.com','abc123'),(140,'4637334868',NULL,NULL,'4637334868abc@gmail.com','abc123'),(141,'76521988',NULL,NULL,'76521988abc@gmail.com','abc123'),(142,'1400971734',NULL,NULL,'1400971734abc@gmail.com','abc123'),(143,'734577555932631041',NULL,NULL,'734577555932631041abc@gmail.com','abc123'),(144,'137529980',NULL,NULL,'137529980abc@gmail.com','abc123'),(145,'331367691',NULL,NULL,'331367691abc@gmail.com','abc123'),(146,'8198012',NULL,NULL,'8198012abc@gmail.com','abc123'),(147,'5849402',NULL,NULL,'5849402abc@gmail.com','abc123'),(148,'38685401',NULL,NULL,'38685401abc@gmail.com','abc123'),(149,'3285900445',NULL,NULL,'3285900445abc@gmail.com','abc123'),(150,'1323869546',NULL,NULL,'1323869546abc@gmail.com','abc123'),(151,'33718053',NULL,NULL,'33718053abc@gmail.com','abc123'),(152,'17821568',NULL,NULL,'17821568abc@gmail.com','abc123'),(153,'256910703',NULL,NULL,'256910703abc@gmail.com','abc123'),(154,'76487169',NULL,NULL,'76487169abc@gmail.com','abc123'),(155,'815896250805387264',NULL,NULL,'815896250805387264abc@gmail.com','abc123'),(156,'264549701',NULL,NULL,'264549701abc@gmail.com','abc123'),(157,'44903491',NULL,NULL,'44903491abc@gmail.com','abc123'),(158,'1957931660',NULL,NULL,'1957931660abc@gmail.com','abc123'),(159,'10222',NULL,NULL,'10222abc@gmail.com','abc123'),(160,'140953797',NULL,NULL,'140953797abc@gmail.com','abc123'),(161,'1438903273',NULL,NULL,'1438903273abc@gmail.com','abc123'),(162,'945839336708345856',NULL,NULL,'945839336708345856abc@gmail.com','abc123'),(163,'475306783',NULL,NULL,'475306783abc@gmail.com','abc123'),(164,'729942571',NULL,NULL,'729942571abc@gmail.com','abc123'),(165,'848375364120449024',NULL,NULL,'848375364120449024abc@gmail.com','abc123'),(166,'837197648197120002',NULL,NULL,'837197648197120002abc@gmail.com','abc123'),(167,'530934930',NULL,NULL,'530934930abc@gmail.com','abc123'),(168,'3386666926',NULL,NULL,'3386666926abc@gmail.com','abc123'),(169,'800068819322421248',NULL,NULL,'800068819322421248abc@gmail.com','abc123'),(170,'540180950',NULL,NULL,'540180950abc@gmail.com','abc123'),(171,'14388358',NULL,NULL,'14388358abc@gmail.com','abc123'),(172,'40016278',NULL,NULL,'40016278abc@gmail.com','abc123'),(173,'9558152',NULL,NULL,'9558152abc@gmail.com','abc123'),(174,'3683068757',NULL,NULL,'3683068757abc@gmail.com','abc123'),(175,'15440889',NULL,NULL,'15440889abc@gmail.com','abc123'),(176,'959888582763741184',NULL,NULL,'959888582763741184abc@gmail.com','abc123'),(177,'35244356',NULL,NULL,'35244356abc@gmail.com','abc123'),(178,'728045605503688704',NULL,NULL,'728045605503688704abc@gmail.com','abc123'),(179,'244192315',NULL,NULL,'244192315abc@gmail.com','abc123'),(180,'15582236',NULL,NULL,'15582236abc@gmail.com','abc123'),(181,'864845300200071172',NULL,NULL,'864845300200071172abc@gmail.com','abc123'),(182,'14656109',NULL,NULL,'14656109abc@gmail.com','abc123'),(183,'2314042194',NULL,NULL,'2314042194abc@gmail.com','abc123'),(184,'1242003919',NULL,NULL,'1242003919abc@gmail.com','abc123'),(185,'2827267824',NULL,NULL,'2827267824abc@gmail.com','abc123'),(186,'2162931655',NULL,NULL,'2162931655abc@gmail.com','abc123'),(187,'2803483444',NULL,NULL,'2803483444abc@gmail.com','abc123'),(188,'21518344',NULL,NULL,'21518344abc@gmail.com','abc123'),(189,'55289075',NULL,NULL,'55289075abc@gmail.com','abc123'),(190,'318571154',NULL,NULL,'318571154abc@gmail.com','abc123'),(191,'93196638',NULL,NULL,'93196638abc@gmail.com','abc123'),(192,'860240032669605891',NULL,NULL,'860240032669605891abc@gmail.com','abc123'),(193,'17310228',NULL,NULL,'17310228abc@gmail.com','abc123'),(194,'844729767920308227',NULL,NULL,'844729767920308227abc@gmail.com','abc123'),(195,'250375429',NULL,NULL,'250375429abc@gmail.com','abc123'),(196,'701776513',NULL,NULL,'701776513abc@gmail.com','abc123'),(197,'16303669',NULL,NULL,'16303669abc@gmail.com','abc123'),(198,'374116903',NULL,NULL,'374116903abc@gmail.com','abc123'),(199,'19164796',NULL,NULL,'19164796abc@gmail.com','abc123'),(200,'1184381958',NULL,NULL,'1184381958abc@gmail.com','abc123'),(201,'629416526',NULL,NULL,'629416526abc@gmail.com','abc123'),(202,'306648735',NULL,NULL,'306648735abc@gmail.com','abc123'),(203,'786804369421283328',NULL,NULL,'786804369421283328abc@gmail.com','abc123'),(204,'16535000',NULL,NULL,'16535000abc@gmail.com','abc123'),(205,'165647780',NULL,NULL,'165647780abc@gmail.com','abc123'),(206,'792679291691606016',NULL,NULL,'792679291691606016abc@gmail.com','abc123'),(207,'35148873',NULL,NULL,'35148873abc@gmail.com','abc123'),(208,'855503244864270336',NULL,NULL,'855503244864270336abc@gmail.com','abc123'),(209,'701426576911704064',NULL,NULL,'701426576911704064abc@gmail.com','abc123'),(210,'2855047214',NULL,NULL,'2855047214abc@gmail.com','abc123'),(211,'3267545852',NULL,NULL,'3267545852abc@gmail.com','abc123'),(212,'716819443599458304',NULL,NULL,'716819443599458304abc@gmail.com','abc123'),(213,'23228145',NULL,NULL,'23228145abc@gmail.com','abc123'),(214,'489243797',NULL,NULL,'489243797abc@gmail.com','abc123'),(215,'2714861866',NULL,NULL,'2714861866abc@gmail.com','abc123'),(216,'2516592389',NULL,NULL,'2516592389abc@gmail.com','abc123'),(217,'256414333',NULL,NULL,'256414333abc@gmail.com','abc123'),(218,'851528783743942656',NULL,NULL,'851528783743942656abc@gmail.com','abc123'),(219,'46232739',NULL,NULL,'46232739abc@gmail.com','abc123'),(220,'168505436',NULL,NULL,'168505436abc@gmail.com','abc123'),(221,'509303837',NULL,NULL,'509303837abc@gmail.com','abc123'),(222,'34612121',NULL,NULL,'34612121abc@gmail.com','abc123'),(223,'16192310',NULL,NULL,'16192310abc@gmail.com','abc123'),(224,'742632352707313664',NULL,NULL,'742632352707313664abc@gmail.com','abc123'),(225,'3181838222',NULL,NULL,'3181838222abc@gmail.com','abc123'),(226,'3899731216',NULL,NULL,'3899731216abc@gmail.com','abc123'),(227,'14785663',NULL,NULL,'14785663abc@gmail.com','abc123'),(228,'726075316444270594',NULL,NULL,'726075316444270594abc@gmail.com','abc123'),(229,'2810222881',NULL,NULL,'2810222881abc@gmail.com','abc123'),(230,'259323548',NULL,NULL,'259323548abc@gmail.com','abc123'),(231,'871813435679494144',NULL,NULL,'871813435679494144abc@gmail.com','abc123'),(232,'851516065410686976',NULL,NULL,'851516065410686976abc@gmail.com','abc123'),(233,'712097614687145986',NULL,NULL,'712097614687145986abc@gmail.com','abc123'),(234,'261403279',NULL,NULL,'261403279abc@gmail.com','abc123'),(235,'11917362',NULL,NULL,'11917362abc@gmail.com','abc123'),(236,'796461123738497026',NULL,NULL,'796461123738497026abc@gmail.com','abc123'),(237,'248772933',NULL,NULL,'248772933abc@gmail.com','abc123'),(238,'870741751690080256',NULL,NULL,'870741751690080256abc@gmail.com','abc123'),(239,'26581946',NULL,NULL,'26581946abc@gmail.com','abc123'),(240,'819739332407861249',NULL,NULL,'819739332407861249abc@gmail.com','abc123'),(241,'161875417',NULL,NULL,'161875417abc@gmail.com','abc123'),(242,'2824738975',NULL,NULL,'2824738975abc@gmail.com','abc123'),(243,'961352557447860225',NULL,NULL,'961352557447860225abc@gmail.com','abc123'),(244,'737654340513497088',NULL,NULL,'737654340513497088abc@gmail.com','abc123'),(245,'803660517193629696',NULL,NULL,'803660517193629696abc@gmail.com','abc123'),(246,'836381707196592129',NULL,NULL,'836381707196592129abc@gmail.com','abc123'),(247,'896539809862344705',NULL,NULL,'896539809862344705abc@gmail.com','abc123'),(248,'277969723',NULL,NULL,'277969723abc@gmail.com','abc123'),(249,'361610212',NULL,NULL,'361610212abc@gmail.com','abc123'),(250,'67953340',NULL,NULL,'67953340abc@gmail.com','abc123'),(251,'920192390677360642',NULL,NULL,'920192390677360642abc@gmail.com','abc123'),(252,'17504275',NULL,NULL,'17504275abc@gmail.com','abc123'),(253,'771827868',NULL,NULL,'771827868abc@gmail.com','abc123'),(254,'17663965',NULL,NULL,'17663965abc@gmail.com','abc123'),(255,'39502904',NULL,NULL,'39502904abc@gmail.com','abc123'),(256,'535072101',NULL,NULL,'535072101abc@gmail.com','abc123'),(257,'46383313',NULL,NULL,'46383313abc@gmail.com','abc123'),(258,'525746551',NULL,NULL,'525746551abc@gmail.com','abc123'),(259,'2161078082',NULL,NULL,'2161078082abc@gmail.com','abc123'),(260,'948438078447742976',NULL,NULL,'948438078447742976abc@gmail.com','abc123'),(261,'24996956',NULL,NULL,'24996956abc@gmail.com','abc123'),(262,'18638542',NULL,NULL,'18638542abc@gmail.com','abc123'),(263,'8865742',NULL,NULL,'8865742abc@gmail.com','abc123'),(264,'73515716',NULL,NULL,'73515716abc@gmail.com','abc123'),(265,'120314111',NULL,NULL,'120314111abc@gmail.com','abc123'),(266,'10495532',NULL,NULL,'10495532abc@gmail.com','abc123'),(267,'87286750',NULL,NULL,'87286750abc@gmail.com','abc123'),(268,'878581678121172992',NULL,NULL,'878581678121172992abc@gmail.com','abc123'),(269,'174770559',NULL,NULL,'174770559abc@gmail.com','abc123'),(270,'17679977',NULL,NULL,'17679977abc@gmail.com','abc123'),(271,'10194392',NULL,NULL,'10194392abc@gmail.com','abc123'),(272,'77515762',NULL,NULL,'77515762abc@gmail.com','abc123'),(273,'80447268',NULL,NULL,'80447268abc@gmail.com','abc123'),(274,'63342105',NULL,NULL,'63342105abc@gmail.com','abc123'),(275,'435257928',NULL,NULL,'435257928abc@gmail.com','abc123'),(276,'16026808',NULL,NULL,'16026808abc@gmail.com','abc123'),(277,'15699553',NULL,NULL,'15699553abc@gmail.com','abc123'),(278,'39608599',NULL,NULL,'39608599abc@gmail.com','abc123'),(279,'187092357',NULL,NULL,'187092357abc@gmail.com','abc123'),(280,'782821833502359552',NULL,NULL,'782821833502359552abc@gmail.com','abc123'),(281,'74580436',NULL,NULL,'74580436abc@gmail.com','abc123'),(282,'29801675',NULL,NULL,'29801675abc@gmail.com','abc123'),(283,'911845229606531072',NULL,NULL,'911845229606531072abc@gmail.com','abc123'),(284,'21621749',NULL,NULL,'21621749abc@gmail.com','abc123'),(285,'2303751216',NULL,NULL,'2303751216abc@gmail.com','abc123'),(286,'896957139406737408',NULL,NULL,'896957139406737408abc@gmail.com','abc123'),(287,'56439590',NULL,NULL,'56439590abc@gmail.com','abc123'),(288,'15317292',NULL,NULL,'15317292abc@gmail.com','abc123'),(289,'116444286',NULL,NULL,'116444286abc@gmail.com','abc123'),(290,'114770953',NULL,NULL,'114770953abc@gmail.com','abc123'),(291,'70519352',NULL,NULL,'70519352abc@gmail.com','abc123'),(292,'18596244',NULL,NULL,'18596244abc@gmail.com','abc123'),(293,'401615084',NULL,NULL,'401615084abc@gmail.com','abc123'),(294,'12578662',NULL,NULL,'12578662abc@gmail.com','abc123'),(295,'66515223',NULL,NULL,'66515223abc@gmail.com','abc123'),(296,'23049986',NULL,NULL,'23049986abc@gmail.com','abc123'),(297,'4470631961',NULL,NULL,'4470631961abc@gmail.com','abc123'),(298,'758033502826881025',NULL,NULL,'758033502826881025abc@gmail.com','abc123'),(299,'1051269306',NULL,NULL,'1051269306abc@gmail.com','abc123'),(300,'14519030',NULL,NULL,'14519030abc@gmail.com','abc123'),(301,'125491773',NULL,NULL,'125491773abc@gmail.com','abc123'),(302,'3372308435',NULL,NULL,'3372308435abc@gmail.com','abc123'),(303,'917826002801348608',NULL,NULL,'917826002801348608abc@gmail.com','abc123'),(304,'278555967',NULL,NULL,'278555967abc@gmail.com','abc123'),(305,'1219939230',NULL,NULL,'1219939230abc@gmail.com','abc123'),(306,'1104917924',NULL,NULL,'1104917924abc@gmail.com','abc123'),(307,'959470578578153474',NULL,NULL,'959470578578153474abc@gmail.com','abc123'),(308,'752122638936395777',NULL,NULL,'752122638936395777abc@gmail.com','abc123'),(309,'4785375981',NULL,NULL,'4785375981abc@gmail.com','abc123'),(310,'2396355364',NULL,NULL,'2396355364abc@gmail.com','abc123'),(311,'3866341018',NULL,NULL,'3866341018abc@gmail.com','abc123'),(312,'4180258937',NULL,NULL,'4180258937abc@gmail.com','abc123'),(313,'195903246',NULL,NULL,'195903246abc@gmail.com','abc123'),(314,'855506415879725056',NULL,NULL,'855506415879725056abc@gmail.com','abc123'),(315,'22505070',NULL,NULL,'22505070abc@gmail.com','abc123'),(316,'3585354915',NULL,NULL,'3585354915abc@gmail.com','abc123'),(317,'844715433144061952',NULL,NULL,'844715433144061952abc@gmail.com','abc123'),(318,'830487828718985216',NULL,NULL,'830487828718985216abc@gmail.com','abc123'),(319,'2734545647',NULL,NULL,'2734545647abc@gmail.com','abc123'),(320,'17390350',NULL,NULL,'17390350abc@gmail.com','abc123'),(321,'1944924151',NULL,NULL,'1944924151abc@gmail.com','abc123'),(322,'768283778397581313',NULL,NULL,'768283778397581313abc@gmail.com','abc123'),(323,'194531672',NULL,NULL,'194531672abc@gmail.com','abc123'),(324,'16437307',NULL,NULL,'16437307abc@gmail.com','abc123'),(325,'804541688651726848',NULL,NULL,'804541688651726848abc@gmail.com','abc123'),(326,'271507638',NULL,NULL,'271507638abc@gmail.com','abc123'),(327,'394216985',NULL,NULL,'394216985abc@gmail.com','abc123'),(328,'4902296703',NULL,NULL,'4902296703abc@gmail.com','abc123'),(329,'33791285',NULL,NULL,'33791285abc@gmail.com','abc123'),(330,'488137708',NULL,NULL,'488137708abc@gmail.com','abc123'),(331,'857081118',NULL,NULL,'857081118abc@gmail.com','abc123'),(332,'771241158',NULL,NULL,'771241158abc@gmail.com','abc123'),(333,'289681926',NULL,NULL,'289681926abc@gmail.com','abc123'),(334,'60714928',NULL,NULL,'60714928abc@gmail.com','abc123'),(335,'543825399',NULL,NULL,'543825399abc@gmail.com','abc123'),(336,'24491882',NULL,NULL,'24491882abc@gmail.com','abc123'),(337,'1009941836',NULL,NULL,'1009941836abc@gmail.com','abc123'),(338,'47675993',NULL,NULL,'47675993abc@gmail.com','abc123'),(339,'1174827464',NULL,NULL,'1174827464abc@gmail.com','abc123'),(340,'228314533',NULL,NULL,'228314533abc@gmail.com','abc123'),(341,'186131146',NULL,NULL,'186131146abc@gmail.com','abc123'),(342,'247055249',NULL,NULL,'247055249abc@gmail.com','abc123'),(343,'1154563242',NULL,NULL,'1154563242abc@gmail.com','abc123'),(344,'15147397',NULL,NULL,'15147397abc@gmail.com','abc123'),(345,'151177315',NULL,NULL,'151177315abc@gmail.com','abc123'),(346,'829915219757498368',NULL,NULL,'829915219757498368abc@gmail.com','abc123'),(347,'22086316',NULL,NULL,'22086316abc@gmail.com','abc123'),(348,'844733276111732737',NULL,NULL,'844733276111732737abc@gmail.com','abc123'),(349,'3095283735',NULL,NULL,'3095283735abc@gmail.com','abc123'),(350,'4461093959',NULL,NULL,'4461093959abc@gmail.com','abc123'),(351,'53235054',NULL,NULL,'53235054abc@gmail.com','abc123'),(352,'20369123',NULL,NULL,'20369123abc@gmail.com','abc123'),(353,'11740902',NULL,NULL,'11740902abc@gmail.com','abc123'),(354,'20726639',NULL,NULL,'20726639abc@gmail.com','abc123'),(355,'93544821',NULL,NULL,'93544821abc@gmail.com','abc123'),(356,'445996563',NULL,NULL,'445996563abc@gmail.com','abc123'),(357,'82978967',NULL,NULL,'82978967abc@gmail.com','abc123'),(358,'4402951932',NULL,NULL,'4402951932abc@gmail.com','abc123'),(359,'479389240',NULL,NULL,'479389240abc@gmail.com','abc123'),(360,'878127167540015104',NULL,NULL,'878127167540015104abc@gmail.com','abc123'),(361,'138255467',NULL,NULL,'138255467abc@gmail.com','abc123'),(362,'27867017',NULL,NULL,'27867017abc@gmail.com','abc123'),(363,'1873611206',NULL,NULL,'1873611206abc@gmail.com','abc123'),(364,'5601642',NULL,NULL,'5601642abc@gmail.com','abc123'),(365,'452153102',NULL,NULL,'452153102abc@gmail.com','abc123'),(366,'776509419416727552',NULL,NULL,'776509419416727552abc@gmail.com','abc123'),(367,'3172611',NULL,NULL,'3172611abc@gmail.com','abc123'),(368,'19143837',NULL,NULL,'19143837abc@gmail.com','abc123'),(369,'868817205206626306',NULL,NULL,'868817205206626306abc@gmail.com','abc123'),(370,'150993488',NULL,NULL,'150993488abc@gmail.com','abc123'),(371,'1302381',NULL,NULL,'1302381abc@gmail.com','abc123'),(372,'941156566283182086',NULL,NULL,'941156566283182086abc@gmail.com','abc123'),(373,'278076220',NULL,NULL,'278076220abc@gmail.com','abc123'),(374,'3983454201',NULL,NULL,'3983454201abc@gmail.com','abc123'),(375,'845033956009488385',NULL,NULL,'845033956009488385abc@gmail.com','abc123'),(376,'1187862523',NULL,NULL,'1187862523abc@gmail.com','abc123'),(377,'4133841352',NULL,NULL,'4133841352abc@gmail.com','abc123'),(378,'103977573',NULL,NULL,'103977573abc@gmail.com','abc123'),(379,'334257969',NULL,NULL,'334257969abc@gmail.com','abc123'),(380,'847160710274650113',NULL,NULL,'847160710274650113abc@gmail.com','abc123'),(381,'16570313',NULL,NULL,'16570313abc@gmail.com','abc123'),(382,'15350832',NULL,NULL,'15350832abc@gmail.com','abc123'),(383,'14678355',NULL,NULL,'14678355abc@gmail.com','abc123'),(384,'873340392745390081',NULL,NULL,'873340392745390081abc@gmail.com','abc123'),(385,'3303398124',NULL,NULL,'3303398124abc@gmail.com','abc123'),(386,'2489718259',NULL,NULL,'2489718259abc@gmail.com','abc123'),(387,'17963202',NULL,NULL,'17963202abc@gmail.com','abc123'),(388,'18695490',NULL,NULL,'18695490abc@gmail.com','abc123'),(389,'766136863',NULL,NULL,'766136863abc@gmail.com','abc123'),(390,'218682160',NULL,NULL,'218682160abc@gmail.com','abc123'),(391,'81396748',NULL,NULL,'81396748abc@gmail.com','abc123'),(392,'413478161',NULL,NULL,'413478161abc@gmail.com','abc123'),(393,'241588187',NULL,NULL,'241588187abc@gmail.com','abc123'),(394,'799355044130865156',NULL,NULL,'799355044130865156abc@gmail.com','abc123'),(395,'842905738007789568',NULL,NULL,'842905738007789568abc@gmail.com','abc123'),(396,'3118880899',NULL,NULL,'3118880899abc@gmail.com','abc123'),(397,'1658486988',NULL,NULL,'1658486988abc@gmail.com','abc123'),(398,'847638611289755648',NULL,NULL,'847638611289755648abc@gmail.com','abc123'),(399,'156680120',NULL,NULL,'156680120abc@gmail.com','abc123'),(400,'895697481907879938',NULL,NULL,'895697481907879938abc@gmail.com','abc123'),(401,'462932650',NULL,NULL,'462932650abc@gmail.com','abc123'),(402,'26992518',NULL,NULL,'26992518abc@gmail.com','abc123'),(403,'482678460',NULL,NULL,'482678460abc@gmail.com','abc123'),(404,'4869577307',NULL,NULL,'4869577307abc@gmail.com','abc123'),(405,'712741589639176193',NULL,NULL,'712741589639176193abc@gmail.com','abc123'),(406,'20641324',NULL,NULL,'20641324abc@gmail.com','abc123'),(407,'14850955',NULL,NULL,'14850955abc@gmail.com','abc123'),(408,'212972368',NULL,NULL,'212972368abc@gmail.com','abc123'),(409,'37432134',NULL,NULL,'37432134abc@gmail.com','abc123'),(410,'14985228',NULL,NULL,'14985228abc@gmail.com','abc123'),(411,'3488842692',NULL,NULL,'3488842692abc@gmail.com','abc123'),(412,'3387593699',NULL,NULL,'3387593699abc@gmail.com','abc123'),(413,'20018414',NULL,NULL,'20018414abc@gmail.com','abc123'),(414,'204437035',NULL,NULL,'204437035abc@gmail.com','abc123'),(415,'745030012202418176',NULL,NULL,'745030012202418176abc@gmail.com','abc123'),(416,'53950855',NULL,NULL,'53950855abc@gmail.com','abc123'),(417,'14542116',NULL,NULL,'14542116abc@gmail.com','abc123'),(418,'228206153',NULL,NULL,'228206153abc@gmail.com','abc123'),(419,'757718283185483776',NULL,NULL,'757718283185483776abc@gmail.com','abc123'),(420,'17313298',NULL,NULL,'17313298abc@gmail.com','abc123'),(421,'27533956',NULL,NULL,'27533956abc@gmail.com','abc123'),(422,'82652901',NULL,NULL,'82652901abc@gmail.com','abc123'),(423,'858002282',NULL,NULL,'858002282abc@gmail.com','abc123');
/*!40000 ALTER TABLE `users` ENABLE KEYS */;
UNLOCK TABLES;
/*!40103 SET TIME_ZONE=@OLD_TIME_ZONE */;

/*!40101 SET SQL_MODE=@OLD_SQL_MODE */;
/*!40014 SET FOREIGN_KEY_CHECKS=@OLD_FOREIGN_KEY_CHECKS */;
/*!40014 SET UNIQUE_CHECKS=@OLD_UNIQUE_CHECKS */;
/*!40101 SET CHARACTER_SET_CLIENT=@OLD_CHARACTER_SET_CLIENT */;
/*!40101 SET CHARACTER_SET_RESULTS=@OLD_CHARACTER_SET_RESULTS */;
/*!40101 SET COLLATION_CONNECTION=@OLD_COLLATION_CONNECTION */;
/*!40111 SET SQL_NOTES=@OLD_SQL_NOTES */;

-- Dump completed on 2018-04-21  3:30:23
